player_id,source_file,output_file,site_file,source_size_bytes,output_size_bytes,compression_ratio,width,height,status,error
203999,D:\nba\headshot\203999.png,D:\nba\headshot(webp)\203999.webp,D:\nba\salary_scatter_site\assets\headshots\203999.webp,50419,5860,0.1162,120,120,skipped_existing,
1628983,D:\nba\headshot\1628983.png,D:\nba\headshot(webp)\1628983.webp,D:\nba\salary_scatter_site\assets\headshots\1628983.webp,46837,5102,0.1089,120,120,skipped_existing,
1641705,D:\nba\headshot\1641705.png,D:\nba\headshot(webp)\1641705.webp,D:\nba\salary_scatter_site\assets\headshots\1641705.webp,45456,4278,0.0941,120,120,skipped_existing,
1629029,D:\nba\headshot\1629029.png,D:\nba\headshot(webp)\1629029.webp,D:\nba\salary_scatter_site\assets\headshots\1629029.webp,50822,5492,0.1081,120,120,skipped_existing,
202695,D:\nba\headshot\202695.png,D:\nba\headshot(webp)\202695.webp,D:\nba\salary_scatter_site\assets\headshots\202695.webp,50131,5572,0.1111,120,120,skipped_existing,
203507,D:\nba\headshot\203507.png,D:\nba\headshot(webp)\203507.webp,D:\nba\salary_scatter_site\assets\headshots\203507.webp,48915,4526,0.0925,120,120,skipped_existing,
1628378,D:\nba\headshot\1628378.png,D:\nba\headshot(webp)\1628378.webp,D:\nba\salary_scatter_site\assets\headshots\1628378.webp,44142,3950,0.0895,120,120,skipped_existing,
1630595,D:\nba\headshot\1630595.png,D:\nba\headshot(webp)\1630595.webp,D:\nba\salary_scatter_site\assets\headshots\1630595.webp,57218,5990,0.1047,120,120,skipped_existing,
1628973,D:\nba\headshot\1628973.png,D:\nba\headshot(webp)\1628973.webp,D:\nba\salary_scatter_site\assets\headshots\1628973.webp,56083,6062,0.1081,120,120,skipped_existing,
1626157,D:\nba\headshot\1626157.png,D:\nba\headshot(webp)\1626157.webp,D:\nba\salary_scatter_site\assets\headshots\1626157.webp,55593,6018,0.1083,120,120,skipped_existing,
1627750,D:\nba\headshot\1627750.png,D:\nba\headshot(webp)\1627750.webp,D:\nba\salary_scatter_site\assets\headshots\1627750.webp,53258,5944,0.1116,120,120,skipped_existing,
1631096,D:\nba\headshot\1631096.png,D:\nba\headshot(webp)\1631096.webp,D:\nba\salary_scatter_site\assets\headshots\1631096.webp,47558,5120,0.1077,120,120,skipped_existing,
1630567,D:\nba\headshot\1630567.png,D:\nba\headshot(webp)\1630567.webp,D:\nba\salary_scatter_site\assets\headshots\1630567.webp,43330,4712,0.1087,120,120,skipped_existing,
201142,D:\nba\headshot\201142.png,D:\nba\headshot(webp)\201142.webp,D:\nba\salary_scatter_site\assets\headshots\201142.webp,43343,3662,0.0845,120,120,skipped_existing,
1641708,D:\nba\headshot\1641708.png,D:\nba\headshot(webp)\1641708.webp,D:\nba\salary_scatter_site\assets\headshots\1641708.webp,42334,3548,0.0838,120,120,skipped_existing,
1628389,D:\nba\headshot\1628389.png,D:\nba\headshot(webp)\1628389.webp,D:\nba\salary_scatter_site\assets\headshots\1628389.webp,46016,4542,0.0987,120,120,skipped_existing,
1630163,D:\nba\headshot\1630163.png,D:\nba\headshot(webp)\1630163.webp,D:\nba\salary_scatter_site\assets\headshots\1630163.webp,50317,5378,0.1069,120,120,skipped_existing,
1630162,D:\nba\headshot\1630162.png,D:\nba\headshot(webp)\1630162.webp,D:\nba\salary_scatter_site\assets\headshots\1630162.webp,53767,4236,0.0788,120,120,skipped_existing,
1628384,D:\nba\headshot\1628384.png,D:\nba\headshot(webp)\1628384.webp,D:\nba\salary_scatter_site\assets\headshots\1628384.webp,54628,5994,0.1097,120,120,skipped_existing,
1626164,D:\nba\headshot\1626164.png,D:\nba\headshot(webp)\1626164.webp,D:\nba\salary_scatter_site\assets\headshots\1626164.webp,44328,4662,0.1052,120,120,skipped_existing,
1628401,D:\nba\headshot\1628401.png,D:\nba\headshot(webp)\1628401.webp,D:\nba\salary_scatter_site\assets\headshots\1628401.webp,44199,4320,0.0977,120,120,skipped_existing,
1630178,D:\nba\headshot\1630178.png,D:\nba\headshot(webp)\1630178.webp,D:\nba\salary_scatter_site\assets\headshots\1630178.webp,45095,4594,0.1019,120,120,skipped_existing,
203497,D:\nba\headshot\203497.png,D:\nba\headshot(webp)\203497.webp,D:\nba\salary_scatter_site\assets\headshots\203497.webp,52842,4500,0.0852,120,120,skipped_existing,
1627759,D:\nba\headshot\1627759.png,D:\nba\headshot(webp)\1627759.webp,D:\nba\salary_scatter_site\assets\headshots\1627759.webp,45457,4334,0.0953,120,120,skipped_existing,
201935,D:\nba\headshot\201935.png,D:\nba\headshot(webp)\201935.webp,D:\nba\salary_scatter_site\assets\headshots\201935.webp,44629,3930,0.0881,120,120,skipped_existing,
1630700,D:\nba\headshot\1630700.png,D:\nba\headshot(webp)\1630700.webp,D:\nba\salary_scatter_site\assets\headshots\1630700.webp,45133,5052,0.1119,120,120,skipped_existing,
203954,D:\nba\headshot\203954.png,D:\nba\headshot(webp)\203954.webp,D:\nba\salary_scatter_site\assets\headshots\203954.webp,45742,4552,0.0995,120,120,skipped_existing,
1628368,D:\nba\headshot\1628368.png,D:\nba\headshot(webp)\1628368.webp,D:\nba\salary_scatter_site\assets\headshots\1628368.webp,46923,4202,0.0896,120,120,skipped_existing,
1630559,D:\nba\headshot\1630559.png,D:\nba\headshot(webp)\1630559.webp,D:\nba\salary_scatter_site\assets\headshots\1630559.webp,49904,5534,0.1109,120,120,skipped_existing,
1628369,D:\nba\headshot\1628369.png,D:\nba\headshot(webp)\1628369.webp,D:\nba\salary_scatter_site\assets\headshots\1628369.webp,46420,4606,0.0992,120,120,skipped_existing,
202710,D:\nba\headshot\202710.png,D:\nba\headshot(webp)\202710.webp,D:\nba\salary_scatter_site\assets\headshots\202710.webp,52212,5890,0.1128,120,120,skipped_existing,
1630202,D:\nba\headshot\1630202.png,D:\nba\headshot(webp)\1630202.webp,D:\nba\salary_scatter_site\assets\headshots\1630202.webp,44967,4358,0.0969,120,120,skipped_existing,
1628386,D:\nba\headshot\1628386.png,D:\nba\headshot(webp)\1628386.webp,D:\nba\salary_scatter_site\assets\headshots\1628386.webp,43868,4152,0.0946,120,120,skipped_existing,
1642264,D:\nba\headshot\1642264.png,D:\nba\headshot(webp)\1642264.webp,D:\nba\salary_scatter_site\assets\headshots\1642264.webp,50076,4306,0.086,120,120,skipped_existing,
1630596,D:\nba\headshot\1630596.png,D:\nba\headshot(webp)\1630596.webp,D:\nba\salary_scatter_site\assets\headshots\1630596.webp,41666,4010,0.0962,120,120,skipped_existing,
1630166,D:\nba\headshot\1630166.png,D:\nba\headshot(webp)\1630166.webp,D:\nba\salary_scatter_site\assets\headshots\1630166.webp,54505,5808,0.1066,120,120,skipped_existing,
1642851,D:\nba\headshot\1642851.png,D:\nba\headshot(webp)\1642851.webp,D:\nba\salary_scatter_site\assets\headshots\1642851.webp,49350,5070,0.1027,120,120,skipped_existing,
1629638,D:\nba\headshot\1629638.png,D:\nba\headshot(webp)\1629638.webp,D:\nba\salary_scatter_site\assets\headshots\1629638.webp,44501,5126,0.1152,120,120,skipped_existing,
1630217,D:\nba\headshot\1630217.png,D:\nba\headshot(webp)\1630217.webp,D:\nba\salary_scatter_site\assets\headshots\1630217.webp,49498,5162,0.1043,120,120,skipped_existing,
2544,D:\nba\headshot\2544.png,D:\nba\headshot(webp)\2544.webp,D:\nba\salary_scatter_site\assets\headshots\2544.webp,48772,5464,0.112,120,120,skipped_existing,
1628374,D:\nba\headshot\1628374.png,D:\nba\headshot(webp)\1628374.webp,D:\nba\salary_scatter_site\assets\headshots\1628374.webp,40978,3696,0.0902,120,120,skipped_existing,
1630578,D:\nba\headshot\1630578.png,D:\nba\headshot(webp)\1630578.webp,D:\nba\salary_scatter_site\assets\headshots\1630578.webp,40488,3774,0.0932,120,120,skipped_existing,
1630577,D:\nba\headshot\1630577.png,D:\nba\headshot(webp)\1630577.webp,D:\nba\salary_scatter_site\assets\headshots\1630577.webp,48043,4296,0.0894,120,120,skipped_existing,
1627783,D:\nba\headshot\1627783.png,D:\nba\headshot(webp)\1627783.webp,D:\nba\salary_scatter_site\assets\headshots\1627783.webp,45463,4908,0.108,120,120,skipped_existing,
201939,D:\nba\headshot\201939.png,D:\nba\headshot(webp)\201939.webp,D:\nba\salary_scatter_site\assets\headshots\201939.webp,52296,6020,0.1151,120,120,skipped_existing,
1642270,D:\nba\headshot\1642270.png,D:\nba\headshot(webp)\1642270.webp,D:\nba\salary_scatter_site\assets\headshots\1642270.webp,55247,5632,0.1019,120,120,skipped_existing,
1630552,D:\nba\headshot\1630552.png,D:\nba\headshot(webp)\1630552.webp,D:\nba\salary_scatter_site\assets\headshots\1630552.webp,44116,5236,0.1187,120,120,skipped_existing,
1628978,D:\nba\headshot\1628978.png,D:\nba\headshot(webp)\1628978.webp,D:\nba\salary_scatter_site\assets\headshots\1628978.webp,51974,4448,0.0856,120,120,skipped_existing,
1631105,D:\nba\headshot\1631105.png,D:\nba\headshot(webp)\1631105.webp,D:\nba\salary_scatter_site\assets\headshots\1631105.webp,52820,5926,0.1122,120,120,skipped_existing,
1641709,D:\nba\headshot\1641709.png,D:\nba\headshot(webp)\1641709.webp,D:\nba\salary_scatter_site\assets\headshots\1641709.webp,53886,6028,0.1119,120,120,skipped_existing,
1631094,D:\nba\headshot\1631094.png,D:\nba\headshot(webp)\1631094.webp,D:\nba\salary_scatter_site\assets\headshots\1631094.webp,52122,5292,0.1015,120,120,skipped_existing,
1641706,D:\nba\headshot\1641706.png,D:\nba\headshot(webp)\1641706.webp,D:\nba\salary_scatter_site\assets\headshots\1641706.webp,49906,5322,0.1066,120,120,skipped_existing,
1629674,D:\nba\headshot\1629674.png,D:\nba\headshot(webp)\1629674.webp,D:\nba\salary_scatter_site\assets\headshots\1629674.webp,44469,4322,0.0972,120,120,skipped_existing,
1641717,D:\nba\headshot\1641717.png,D:\nba\headshot(webp)\1641717.webp,D:\nba\salary_scatter_site\assets\headshots\1641717.webp,52626,4836,0.0919,120,120,skipped_existing,
1641739,D:\nba\headshot\1641739.png,D:\nba\headshot(webp)\1641739.webp,D:\nba\salary_scatter_site\assets\headshots\1641739.webp,55436,5856,0.1056,120,120,skipped_existing,
1642349,D:\nba\headshot\1642349.png,D:\nba\headshot(webp)\1642349.webp,D:\nba\salary_scatter_site\assets\headshots\1642349.webp,48495,5186,0.1069,120,120,skipped_existing,
1630170,D:\nba\headshot\1630170.png,D:\nba\headshot(webp)\1630170.webp,D:\nba\salary_scatter_site\assets\headshots\1630170.webp,47778,4560,0.0954,120,120,skipped_existing,
201950,D:\nba\headshot\201950.png,D:\nba\headshot(webp)\201950.webp,D:\nba\salary_scatter_site\assets\headshots\201950.webp,54767,5646,0.1031,120,120,skipped_existing,
1629008,D:\nba\headshot\1629008.png,D:\nba\headshot(webp)\1629008.webp,D:\nba\salary_scatter_site\assets\headshots\1629008.webp,45996,4214,0.0916,120,120,skipped_existing,
203935,D:\nba\headshot\203935.png,D:\nba\headshot(webp)\203935.webp,D:\nba\salary_scatter_site\assets\headshots\203935.webp,49488,5486,0.1109,120,120,skipped_existing,
202699,D:\nba\headshot\202699.png,D:\nba\headshot(webp)\202699.webp,D:\nba\salary_scatter_site\assets\headshots\202699.webp,54224,6044,0.1115,120,120,skipped_existing,
203932,D:\nba\headshot\203932.png,D:\nba\headshot(webp)\203932.webp,D:\nba\salary_scatter_site\assets\headshots\203932.webp,51231,5956,0.1163,120,120,skipped_existing,
1628969,D:\nba\headshot\1628969.png,D:\nba\headshot(webp)\1628969.webp,D:\nba\salary_scatter_site\assets\headshots\1628969.webp,55110,6132,0.1113,120,120,skipped_existing,
1631095,D:\nba\headshot\1631095.png,D:\nba\headshot(webp)\1631095.webp,D:\nba\salary_scatter_site\assets\headshots\1631095.webp,41963,3614,0.0861,120,120,skipped_existing,
1630193,D:\nba\headshot\1630193.png,D:\nba\headshot(webp)\1630193.webp,D:\nba\salary_scatter_site\assets\headshots\1630193.webp,47595,4810,0.1011,120,120,skipped_existing,
1630591,D:\nba\headshot\1630591.png,D:\nba\headshot(webp)\1630591.webp,D:\nba\salary_scatter_site\assets\headshots\1630591.webp,48800,5336,0.1093,120,120,skipped_existing,
1628392,D:\nba\headshot\1628392.png,D:\nba\headshot(webp)\1628392.webp,D:\nba\salary_scatter_site\assets\headshots\1628392.webp,46441,5124,0.1103,120,120,skipped_existing,
1630532,D:\nba\headshot\1630532.png,D:\nba\headshot(webp)\1630532.webp,D:\nba\salary_scatter_site\assets\headshots\1630532.webp,48786,5338,0.1094,120,120,skipped_existing,
203468,D:\nba\headshot\203468.png,D:\nba\headshot(webp)\203468.webp,D:\nba\salary_scatter_site\assets\headshots\203468.webp,44735,4768,0.1066,120,120,skipped_existing,
1629636,D:\nba\headshot\1629636.png,D:\nba\headshot(webp)\1629636.webp,D:\nba\salary_scatter_site\assets\headshots\1629636.webp,52725,5088,0.0965,120,120,skipped_existing,
1630183,D:\nba\headshot\1630183.png,D:\nba\headshot(webp)\1630183.webp,D:\nba\salary_scatter_site\assets\headshots\1630183.webp,51000,4280,0.0839,120,120,skipped_existing,
1630168,D:\nba\headshot\1630168.png,D:\nba\headshot(webp)\1630168.webp,D:\nba\salary_scatter_site\assets\headshots\1630168.webp,43240,4984,0.1153,120,120,skipped_existing,
1628976,D:\nba\headshot\1628976.png,D:\nba\headshot(webp)\1628976.webp,D:\nba\salary_scatter_site\assets\headshots\1628976.webp,52353,5208,0.0995,120,120,skipped_existing,
1629628,D:\nba\headshot\1629628.png,D:\nba\headshot(webp)\1629628.webp,D:\nba\salary_scatter_site\assets\headshots\1629628.webp,43589,4578,0.105,120,120,skipped_existing,
1631157,D:\nba\headshot\1631157.png,D:\nba\headshot(webp)\1631157.webp,D:\nba\salary_scatter_site\assets\headshots\1631157.webp,47128,4652,0.0987,120,120,skipped_existing,
1631221,D:\nba\headshot\1631221.png,D:\nba\headshot(webp)\1631221.webp,D:\nba\salary_scatter_site\assets\headshots\1631221.webp,42334,4434,0.1047,120,120,skipped_existing,
1630530,D:\nba\headshot\1630530.png,D:\nba\headshot(webp)\1630530.webp,D:\nba\salary_scatter_site\assets\headshots\1630530.webp,46835,4508,0.0963,120,120,skipped_existing,
1631217,D:\nba\headshot\1631217.png,D:\nba\headshot(webp)\1631217.webp,D:\nba\salary_scatter_site\assets\headshots\1631217.webp,50063,5136,0.1026,120,120,skipped_existing,
203076,D:\nba\headshot\203076.png,D:\nba\headshot(webp)\203076.webp,D:\nba\salary_scatter_site\assets\headshots\203076.webp,55260,6194,0.1121,120,120,skipped_existing,
203944,D:\nba\headshot\203944.png,D:\nba\headshot(webp)\203944.webp,D:\nba\salary_scatter_site\assets\headshots\203944.webp,51475,4260,0.0828,120,120,skipped_existing,
202331,D:\nba\headshot\202331.png,D:\nba\headshot(webp)\202331.webp,D:\nba\salary_scatter_site\assets\headshots\202331.webp,45106,4628,0.1026,120,120,skipped_existing,
1642845,D:\nba\headshot\1642845.png,D:\nba\headshot(webp)\1642845.webp,D:\nba\salary_scatter_site\assets\headshots\1642845.webp,43502,4558,0.1048,120,120,skipped_existing,
1641764,D:\nba\headshot\1641764.png,D:\nba\headshot(webp)\1641764.webp,D:\nba\salary_scatter_site\assets\headshots\1641764.webp,56920,6214,0.1092,120,120,skipped_existing,
1627936,D:\nba\headshot\1627936.png,D:\nba\headshot(webp)\1627936.webp,D:\nba\salary_scatter_site\assets\headshots\1627936.webp,46886,5190,0.1107,120,120,skipped_existing,
1629027,D:\nba\headshot\1629027.png,D:\nba\headshot(webp)\1629027.webp,D:\nba\salary_scatter_site\assets\headshots\1629027.webp,51300,5370,0.1047,120,120,skipped_existing,
1631114,D:\nba\headshot\1631114.png,D:\nba\headshot(webp)\1631114.webp,D:\nba\salary_scatter_site\assets\headshots\1631114.webp,48103,5022,0.1044,120,120,skipped_existing,
1628404,D:\nba\headshot\1628404.png,D:\nba\headshot(webp)\1628404.webp,D:\nba\salary_scatter_site\assets\headshots\1628404.webp,54431,6230,0.1145,120,120,skipped_existing,
1626181,D:\nba\headshot\1626181.png,D:\nba\headshot(webp)\1626181.webp,D:\nba\salary_scatter_site\assets\headshots\1626181.webp,46366,4512,0.0973,120,120,skipped_existing,
1642843,D:\nba\headshot\1642843.png,D:\nba\headshot(webp)\1642843.webp,D:\nba\salary_scatter_site\assets\headshots\1642843.webp,53564,5860,0.1094,120,120,skipped_existing,
1630541,D:\nba\headshot\1630541.png,D:\nba\headshot(webp)\1630541.webp,D:\nba\salary_scatter_site\assets\headshots\1630541.webp,55065,5968,0.1084,120,120,skipped_existing,
1629130,D:\nba\headshot\1629130.png,D:\nba\headshot(webp)\1629130.webp,D:\nba\salary_scatter_site\assets\headshots\1629130.webp,52128,5986,0.1148,120,120,skipped_existing,
1628991,D:\nba\headshot\1628991.png,D:\nba\headshot(webp)\1628991.webp,D:\nba\salary_scatter_site\assets\headshots\1628991.webp,41319,3814,0.0923,120,120,skipped_existing,
1631117,D:\nba\headshot\1631117.png,D:\nba\headshot(webp)\1631117.webp,D:\nba\salary_scatter_site\assets\headshots\1631117.webp,40396,3492,0.0864,120,120,skipped_existing,
1629627,D:\nba\headshot\1629627.png,D:\nba\headshot(webp)\1629627.webp,D:\nba\salary_scatter_site\assets\headshots\1629627.webp,45729,4384,0.0959,120,120,skipped_existing,
1642844,D:\nba\headshot\1642844.png,D:\nba\headshot(webp)\1642844.webp,D:\nba\salary_scatter_site\assets\headshots\1642844.webp,49480,4352,0.088,120,120,skipped_existing,
1627826,D:\nba\headshot\1627826.png,D:\nba\headshot(webp)\1627826.webp,D:\nba\salary_scatter_site\assets\headshots\1627826.webp,43609,4848,0.1112,120,120,skipped_existing,
1630180,D:\nba\headshot\1630180.png,D:\nba\headshot(webp)\1630180.webp,D:\nba\salary_scatter_site\assets\headshots\1630180.webp,46744,4508,0.0964,120,120,skipped_existing,
1631106,D:\nba\headshot\1631106.png,D:\nba\headshot(webp)\1631106.webp,D:\nba\salary_scatter_site\assets\headshots\1631106.webp,43477,3846,0.0885,120,120,skipped_existing,
1629660,D:\nba\headshot\1629660.png,D:\nba\headshot(webp)\1629660.webp,D:\nba\salary_scatter_site\assets\headshots\1629660.webp,50415,4418,0.0876,120,120,skipped_existing,
1628970,D:\nba\headshot\1628970.png,D:\nba\headshot(webp)\1628970.webp,D:\nba\salary_scatter_site\assets\headshots\1628970.webp,52010,5106,0.0982,120,120,skipped_existing,
1629661,D:\nba\headshot\1629661.png,D:\nba\headshot(webp)\1629661.webp,D:\nba\salary_scatter_site\assets\headshots\1629661.webp,50077,5862,0.1171,120,120,skipped_existing,
1630573,D:\nba\headshot\1630573.png,D:\nba\headshot(webp)\1630573.webp,D:\nba\salary_scatter_site\assets\headshots\1630573.webp,43358,4306,0.0993,120,120,skipped_existing,
1630572,D:\nba\headshot\1630572.png,D:\nba\headshot(webp)\1630572.webp,D:\nba\salary_scatter_site\assets\headshots\1630572.webp,41753,4614,0.1105,120,120,skipped_existing,
1629675,D:\nba\headshot\1629675.png,D:\nba\headshot(webp)\1629675.webp,D:\nba\salary_scatter_site\assets\headshots\1629675.webp,53314,4520,0.0848,120,120,skipped_existing,
1630529,D:\nba\headshot\1630529.png,D:\nba\headshot(webp)\1630529.webp,D:\nba\salary_scatter_site\assets\headshots\1630529.webp,46062,4374,0.095,120,120,skipped_existing,
1642345,D:\nba\headshot\1642345.png,D:\nba\headshot(webp)\1642345.webp,D:\nba\salary_scatter_site\assets\headshots\1642345.webp,44216,4606,0.1042,120,120,skipped_existing,
1627751,D:\nba\headshot\1627751.png,D:\nba\headshot(webp)\1627751.webp,D:\nba\salary_scatter_site\assets\headshots\1627751.webp,41399,4674,0.1129,120,120,skipped_existing,
1642263,D:\nba\headshot\1642263.png,D:\nba\headshot(webp)\1642263.webp,D:\nba\salary_scatter_site\assets\headshots\1642263.webp,42125,3840,0.0912,120,120,skipped_existing,
1627739,D:\nba\headshot\1627739.png,D:\nba\headshot(webp)\1627739.webp,D:\nba\salary_scatter_site\assets\headshots\1627739.webp,49070,5342,0.1089,120,120,skipped_existing,
1630611,D:\nba\headshot\1630611.png,D:\nba\headshot(webp)\1630611.webp,D:\nba\salary_scatter_site\assets\headshots\1630611.webp,56434,5960,0.1056,120,120,skipped_existing,
204001,D:\nba\headshot\204001.png,D:\nba\headshot(webp)\204001.webp,D:\nba\salary_scatter_site\assets\headshots\204001.webp,52020,5802,0.1115,120,120,skipped_existing,
1627742,D:\nba\headshot\1627742.png,D:\nba\headshot(webp)\1627742.webp,D:\nba\salary_scatter_site\assets\headshots\1627742.webp,43562,5084,0.1167,120,120,skipped_existing,
1627884,D:\nba\headshot\1627884.png,D:\nba\headshot(webp)\1627884.webp,D:\nba\salary_scatter_site\assets\headshots\1627884.webp,50995,5700,0.1118,120,120,skipped_existing,
1630581,D:\nba\headshot\1630581.png,D:\nba\headshot(webp)\1630581.webp,D:\nba\salary_scatter_site\assets\headshots\1630581.webp,47370,4456,0.0941,120,120,skipped_existing,
1630558,D:\nba\headshot\1630558.png,D:\nba\headshot(webp)\1630558.webp,D:\nba\salary_scatter_site\assets\headshots\1630558.webp,47322,4176,0.0882,120,120,skipped_existing,
1629645,D:\nba\headshot\1629645.png,D:\nba\headshot(webp)\1629645.webp,D:\nba\salary_scatter_site\assets\headshots\1629645.webp,48597,4576,0.0942,120,120,skipped_existing,
1629639,D:\nba\headshot\1629639.png,D:\nba\headshot(webp)\1629639.webp,D:\nba\salary_scatter_site\assets\headshots\1629639.webp,45954,4544,0.0989,120,120,skipped_existing,
1631128,D:\nba\headshot\1631128.png,D:\nba\headshot(webp)\1631128.webp,D:\nba\salary_scatter_site\assets\headshots\1631128.webp,49000,5768,0.1177,120,120,skipped_existing,
1630188,D:\nba\headshot\1630188.png,D:\nba\headshot(webp)\1630188.webp,D:\nba\salary_scatter_site\assets\headshots\1630188.webp,44317,4170,0.0941,120,120,skipped_existing,
1642347,D:\nba\headshot\1642347.png,D:\nba\headshot(webp)\1642347.webp,D:\nba\salary_scatter_site\assets\headshots\1642347.webp,43979,4586,0.1043,120,120,skipped_existing,
1628415,D:\nba\headshot\1628415.png,D:\nba\headshot(webp)\1628415.webp,D:\nba\salary_scatter_site\assets\headshots\1628415.webp,45206,4828,0.1068,120,120,skipped_existing,
1630692,D:\nba\headshot\1630692.png,D:\nba\headshot(webp)\1630692.webp,D:\nba\salary_scatter_site\assets\headshots\1630692.webp,45293,4858,0.1073,120,120,skipped_existing,
1642271,D:\nba\headshot\1642271.png,D:\nba\headshot(webp)\1642271.webp,D:\nba\salary_scatter_site\assets\headshots\1642271.webp,39412,3602,0.0914,120,120,skipped_existing,
1642867,D:\nba\headshot\1642867.png,D:\nba\headshot(webp)\1642867.webp,D:\nba\salary_scatter_site\assets\headshots\1642867.webp,45249,4764,0.1053,120,120,skipped_existing,
1629632,D:\nba\headshot\1629632.png,D:\nba\headshot(webp)\1629632.webp,D:\nba\salary_scatter_site\assets\headshots\1629632.webp,51805,4756,0.0918,120,120,skipped_existing,
1630200,D:\nba\headshot\1630200.png,D:\nba\headshot(webp)\1630200.webp,D:\nba\salary_scatter_site\assets\headshots\1630200.webp,46217,4422,0.0957,120,120,skipped_existing,
1629614,D:\nba\headshot\1629614.png,D:\nba\headshot(webp)\1629614.webp,D:\nba\salary_scatter_site\assets\headshots\1629614.webp,42715,4902,0.1148,120,120,skipped_existing,
1628960,D:\nba\headshot\1628960.png,D:\nba\headshot(webp)\1628960.webp,D:\nba\salary_scatter_site\assets\headshots\1628960.webp,44463,4610,0.1037,120,120,skipped_existing,
1629057,D:\nba\headshot\1629057.png,D:\nba\headshot(webp)\1629057.webp,D:\nba\salary_scatter_site\assets\headshots\1629057.webp,59532,5700,0.0957,120,120,skipped_existing,
1629011,D:\nba\headshot\1629011.png,D:\nba\headshot(webp)\1629011.webp,D:\nba\salary_scatter_site\assets\headshots\1629011.webp,55524,6072,0.1094,120,120,skipped_existing,
1629630,D:\nba\headshot\1629630.png,D:\nba\headshot(webp)\1629630.webp,D:\nba\salary_scatter_site\assets\headshots\1629630.webp,50399,4326,0.0858,120,120,skipped_existing,
1641796,D:\nba\headshot\1641796.png,D:\nba\headshot(webp)\1641796.webp,D:\nba\salary_scatter_site\assets\headshots\1641796.webp,46290,4446,0.096,120,120,skipped_existing,
1630198,D:\nba\headshot\1630198.png,D:\nba\headshot(webp)\1630198.webp,D:\nba\salary_scatter_site\assets\headshots\1630198.webp,50140,5164,0.103,120,120,skipped_existing,
1629001,D:\nba\headshot\1629001.png,D:\nba\headshot(webp)\1629001.webp,D:\nba\salary_scatter_site\assets\headshots\1629001.webp,53049,6036,0.1138,120,120,skipped_existing,
1630230,D:\nba\headshot\1630230.png,D:\nba\headshot(webp)\1630230.webp,D:\nba\salary_scatter_site\assets\headshots\1630230.webp,54770,6006,0.1097,120,120,skipped_existing,
203500,D:\nba\headshot\203500.png,D:\nba\headshot(webp)\203500.webp,D:\nba\salary_scatter_site\assets\headshots\203500.webp,43288,3906,0.0902,120,120,skipped_existing,
1630549,D:\nba\headshot\1630549.png,D:\nba\headshot(webp)\1630549.webp,D:\nba\salary_scatter_site\assets\headshots\1630549.webp,45569,4010,0.088,120,120,skipped_existing,
1631260,D:\nba\headshot\1631260.png,D:\nba\headshot(webp)\1631260.webp,D:\nba\salary_scatter_site\assets\headshots\1631260.webp,45852,4536,0.0989,120,120,skipped_existing,
1629731,D:\nba\headshot\1629731.png,D:\nba\headshot(webp)\1629731.webp,D:\nba\salary_scatter_site\assets\headshots\1629731.webp,41601,3954,0.095,120,120,skipped_existing,
1631169,D:\nba\headshot\1631169.png,D:\nba\headshot(webp)\1631169.webp,D:\nba\salary_scatter_site\assets\headshots\1631169.webp,45733,4224,0.0924,120,120,skipped_existing,
1630174,D:\nba\headshot\1630174.png,D:\nba\headshot(webp)\1630174.webp,D:\nba\salary_scatter_site\assets\headshots\1630174.webp,46302,4918,0.1062,120,120,skipped_existing,
1642266,D:\nba\headshot\1642266.png,D:\nba\headshot(webp)\1642266.webp,D:\nba\salary_scatter_site\assets\headshots\1642266.webp,42018,4622,0.11,120,120,skipped_existing,
1630194,D:\nba\headshot\1630194.png,D:\nba\headshot(webp)\1630194.webp,D:\nba\salary_scatter_site\assets\headshots\1630194.webp,55093,5966,0.1083,120,120,skipped_existing,
1641710,D:\nba\headshot\1641710.png,D:\nba\headshot(webp)\1641710.webp,D:\nba\salary_scatter_site\assets\headshots\1641710.webp,53810,4894,0.0909,120,120,skipped_existing,
1628381,D:\nba\headshot\1628381.png,D:\nba\headshot(webp)\1628381.webp,D:\nba\salary_scatter_site\assets\headshots\1628381.webp,48901,5556,0.1136,120,120,skipped_existing,
1629028,D:\nba\headshot\1629028.png,D:\nba\headshot(webp)\1629028.webp,D:\nba\salary_scatter_site\assets\headshots\1629028.webp,49811,5496,0.1103,120,120,skipped_existing,
1631212,D:\nba\headshot\1631212.png,D:\nba\headshot(webp)\1631212.webp,D:\nba\salary_scatter_site\assets\headshots\1631212.webp,52270,5772,0.1104,120,120,skipped_existing,
1642907,D:\nba\headshot\1642907.png,D:\nba\headshot(webp)\1642907.webp,D:\nba\salary_scatter_site\assets\headshots\1642907.webp,50003,4136,0.0827,120,120,skipped_existing,
1629012,D:\nba\headshot\1629012.png,D:\nba\headshot(webp)\1629012.webp,D:\nba\salary_scatter_site\assets\headshots\1629012.webp,46112,4250,0.0922,120,120,skipped_existing,
1630224,D:\nba\headshot\1630224.png,D:\nba\headshot(webp)\1630224.webp,D:\nba\salary_scatter_site\assets\headshots\1630224.webp,46624,4852,0.1041,120,120,skipped_existing,
1630540,D:\nba\headshot\1630540.png,D:\nba\headshot(webp)\1630540.webp,D:\nba\salary_scatter_site\assets\headshots\1630540.webp,56032,5774,0.103,120,120,skipped_existing,
1628989,D:\nba\headshot\1628989.png,D:\nba\headshot(webp)\1628989.webp,D:\nba\salary_scatter_site\assets\headshots\1628989.webp,50880,5838,0.1147,120,120,skipped_existing,
201572,D:\nba\headshot\201572.png,D:\nba\headshot(webp)\201572.webp,D:\nba\salary_scatter_site\assets\headshots\201572.webp,48430,5468,0.1129,120,120,skipped_existing,
1642285,D:\nba\headshot\1642285.png,D:\nba\headshot(webp)\1642285.webp,D:\nba\salary_scatter_site\assets\headshots\1642285.webp,49751,4402,0.0885,120,120,skipped_existing,
1631119,D:\nba\headshot\1631119.png,D:\nba\headshot(webp)\1631119.webp,D:\nba\salary_scatter_site\assets\headshots\1631119.webp,49429,4836,0.0978,120,120,skipped_existing,
1630551,D:\nba\headshot\1630551.png,D:\nba\headshot(webp)\1630551.webp,D:\nba\salary_scatter_site\assets\headshots\1630551.webp,49354,5066,0.1026,120,120,skipped_existing,
1630583,D:\nba\headshot\1630583.png,D:\nba\headshot(webp)\1630583.webp,D:\nba\salary_scatter_site\assets\headshots\1630583.webp,48426,4236,0.0875,120,120,skipped_existing,
1642276,D:\nba\headshot\1642276.png,D:\nba\headshot(webp)\1642276.webp,D:\nba\salary_scatter_site\assets\headshots\1642276.webp,46051,4500,0.0977,120,120,skipped_existing,
1641824,D:\nba\headshot\1641824.png,D:\nba\headshot(webp)\1641824.webp,D:\nba\salary_scatter_site\assets\headshots\1641824.webp,44050,4362,0.099,120,120,skipped_existing,
1629750,D:\nba\headshot\1629750.png,D:\nba\headshot(webp)\1629750.webp,D:\nba\salary_scatter_site\assets\headshots\1629750.webp,52454,5970,0.1138,120,120,skipped_existing,
1630241,D:\nba\headshot\1630241.png,D:\nba\headshot(webp)\1630241.webp,D:\nba\salary_scatter_site\assets\headshots\1630241.webp,42735,3864,0.0904,120,120,skipped_existing,
203952,D:\nba\headshot\203952.png,D:\nba\headshot(webp)\203952.webp,D:\nba\salary_scatter_site\assets\headshots\203952.webp,45802,4434,0.0968,120,120,skipped_existing,
1627780,D:\nba\headshot\1627780.png,D:\nba\headshot(webp)\1627780.webp,D:\nba\salary_scatter_site\assets\headshots\1627780.webp,52374,6078,0.116,120,120,skipped_existing,
1641765,D:\nba\headshot\1641765.png,D:\nba\headshot(webp)\1641765.webp,D:\nba\salary_scatter_site\assets\headshots\1641765.webp,50472,4334,0.0859,120,120,skipped_existing,
1627749,D:\nba\headshot\1627749.png,D:\nba\headshot(webp)\1627749.webp,D:\nba\salary_scatter_site\assets\headshots\1627749.webp,47781,4474,0.0936,120,120,skipped_existing,
1631323,D:\nba\headshot\1631323.png,D:\nba\headshot(webp)\1631323.webp,D:\nba\salary_scatter_site\assets\headshots\1631323.webp,45840,4528,0.0988,120,120,skipped_existing,
1641744,D:\nba\headshot\1641744.png,D:\nba\headshot(webp)\1641744.webp,D:\nba\salary_scatter_site\assets\headshots\1641744.webp,49159,4340,0.0883,120,120,skipped_existing,
1629655,D:\nba\headshot\1629655.png,D:\nba\headshot(webp)\1629655.webp,D:\nba\salary_scatter_site\assets\headshots\1629655.webp,55446,6138,0.1107,120,120,skipped_existing,
1631099,D:\nba\headshot\1631099.png,D:\nba\headshot(webp)\1631099.webp,D:\nba\salary_scatter_site\assets\headshots\1631099.webp,46656,5254,0.1126,120,120,skipped_existing,
1629048,D:\nba\headshot\1629048.png,D:\nba\headshot(webp)\1629048.webp,D:\nba\salary_scatter_site\assets\headshots\1629048.webp,50836,5466,0.1075,120,120,skipped_existing,
1629684,D:\nba\headshot\1629684.png,D:\nba\headshot(webp)\1629684.webp,D:\nba\salary_scatter_site\assets\headshots\1629684.webp,49475,5122,0.1035,120,120,skipped_existing,
1626167,D:\nba\headshot\1626167.png,D:\nba\headshot(webp)\1626167.webp,D:\nba\salary_scatter_site\assets\headshots\1626167.webp,50748,4576,0.0902,120,120,skipped_existing,
1630245,D:\nba\headshot\1630245.png,D:\nba\headshot(webp)\1630245.webp,D:\nba\salary_scatter_site\assets\headshots\1630245.webp,56338,4412,0.0783,120,120,skipped_existing,
1630568,D:\nba\headshot\1630568.png,D:\nba\headshot(webp)\1630568.webp,D:\nba\salary_scatter_site\assets\headshots\1630568.webp,45859,4440,0.0968,120,120,skipped_existing,
1630314,D:\nba\headshot\1630314.png,D:\nba\headshot(webp)\1630314.webp,D:\nba\salary_scatter_site\assets\headshots\1630314.webp,54664,6044,0.1106,120,120,skipped_existing,
1626162,D:\nba\headshot\1626162.png,D:\nba\headshot(webp)\1626162.webp,D:\nba\salary_scatter_site\assets\headshots\1626162.webp,46904,4734,0.1009,120,120,skipped_existing,
1629652,D:\nba\headshot\1629652.png,D:\nba\headshot(webp)\1629652.webp,D:\nba\salary_scatter_site\assets\headshots\1629652.webp,49616,5016,0.1011,120,120,skipped_existing,
1631101,D:\nba\headshot\1631101.png,D:\nba\headshot(webp)\1631101.webp,D:\nba\salary_scatter_site\assets\headshots\1631101.webp,56941,5762,0.1012,120,120,skipped_existing,
1631170,D:\nba\headshot\1631170.png,D:\nba\headshot(webp)\1631170.webp,D:\nba\salary_scatter_site\assets\headshots\1631170.webp,49068,4608,0.0939,120,120,skipped_existing,
1630643,D:\nba\headshot\1630643.png,D:\nba\headshot(webp)\1630643.webp,D:\nba\salary_scatter_site\assets\headshots\1630643.webp,43752,4814,0.11,120,120,skipped_existing,
1629640,D:\nba\headshot\1629640.png,D:\nba\headshot(webp)\1629640.webp,D:\nba\salary_scatter_site\assets\headshots\1629640.webp,47106,4404,0.0935,120,120,skipped_existing,
203110,D:\nba\headshot\203110.png,D:\nba\headshot(webp)\203110.webp,D:\nba\salary_scatter_site\assets\headshots\203110.webp,53333,5626,0.1055,120,120,skipped_existing,
1630631,D:\nba\headshot\1630631.png,D:\nba\headshot(webp)\1630631.webp,D:\nba\salary_scatter_site\assets\headshots\1630631.webp,55855,6190,0.1108,120,120,skipped_existing,
1629060,D:\nba\headshot\1629060.png,D:\nba\headshot(webp)\1629060.webp,D:\nba\salary_scatter_site\assets\headshots\1629060.webp,49269,5526,0.1122,120,120,skipped_existing,
203994,D:\nba\headshot\203994.png,D:\nba\headshot(webp)\203994.webp,D:\nba\salary_scatter_site\assets\headshots\203994.webp,41253,3610,0.0875,120,120,skipped_existing,
1628436,D:\nba\headshot\1628436.png,D:\nba\headshot(webp)\1628436.webp,D:\nba\salary_scatter_site\assets\headshots\1628436.webp,46969,4390,0.0935,120,120,skipped_existing,
1629023,D:\nba\headshot\1629023.png,D:\nba\headshot(webp)\1629023.webp,D:\nba\salary_scatter_site\assets\headshots\1629023.webp,55710,5960,0.107,120,120,skipped_existing,
1642377,D:\nba\headshot\1642377.png,D:\nba\headshot(webp)\1642377.webp,D:\nba\salary_scatter_site\assets\headshots\1642377.webp,52466,4124,0.0786,120,120,skipped_existing,
1631248,D:\nba\headshot\1631248.png,D:\nba\headshot(webp)\1631248.webp,D:\nba\salary_scatter_site\assets\headshots\1631248.webp,43933,4364,0.0993,120,120,skipped_existing,
1642364,D:\nba\headshot\1642364.png,D:\nba\headshot(webp)\1642364.webp,D:\nba\salary_scatter_site\assets\headshots\1642364.webp,45494,5244,0.1153,120,120,skipped_existing,
1642366,D:\nba\headshot\1642366.png,D:\nba\headshot(webp)\1642366.webp,D:\nba\salary_scatter_site\assets\headshots\1642366.webp,52846,5870,0.1111,120,120,skipped_existing,
201942,D:\nba\headshot\201942.png,D:\nba\headshot(webp)\201942.webp,D:\nba\salary_scatter_site\assets\headshots\201942.webp,49064,5466,0.1114,120,120,skipped_existing,
1641775,D:\nba\headshot\1641775.png,D:\nba\headshot(webp)\1641775.webp,D:\nba\salary_scatter_site\assets\headshots\1641775.webp,45178,4370,0.0967,120,120,skipped_existing,
1642914,D:\nba\headshot\1642914.png,D:\nba\headshot(webp)\1642914.webp,D:\nba\salary_scatter_site\assets\headshots\1642914.webp,55957,4664,0.0833,120,120,skipped_existing,
1641750,D:\nba\headshot\1641750.png,D:\nba\headshot(webp)\1641750.webp,D:\nba\salary_scatter_site\assets\headshots\1641750.webp,47991,5044,0.1051,120,120,skipped_existing,
1629014,D:\nba\headshot\1629014.png,D:\nba\headshot(webp)\1629014.webp,D:\nba\salary_scatter_site\assets\headshots\1629014.webp,44686,4326,0.0968,120,120,skipped_existing,
202696,D:\nba\headshot\202696.png,D:\nba\headshot(webp)\202696.webp,D:\nba\salary_scatter_site\assets\headshots\202696.webp,44800,4422,0.0987,120,120,skipped_existing,
1642847,D:\nba\headshot\1642847.png,D:\nba\headshot(webp)\1642847.webp,D:\nba\salary_scatter_site\assets\headshots\1642847.webp,45798,4602,0.1005,120,120,skipped_existing,
1629006,D:\nba\headshot\1629006.png,D:\nba\headshot(webp)\1629006.webp,D:\nba\salary_scatter_site\assets\headshots\1629006.webp,41267,3822,0.0926,120,120,skipped_existing,
203484,D:\nba\headshot\203484.png,D:\nba\headshot(webp)\203484.webp,D:\nba\salary_scatter_site\assets\headshots\203484.webp,51879,4500,0.0867,120,120,skipped_existing,
1642269,D:\nba\headshot\1642269.png,D:\nba\headshot(webp)\1642269.webp,D:\nba\salary_scatter_site\assets\headshots\1642269.webp,55045,4946,0.0899,120,120,skipped_existing,
1641729,D:\nba\headshot\1641729.png,D:\nba\headshot(webp)\1641729.webp,D:\nba\salary_scatter_site\assets\headshots\1641729.webp,41633,3762,0.0904,120,120,skipped_existing,
1627734,D:\nba\headshot\1627734.png,D:\nba\headshot(webp)\1627734.webp,D:\nba\salary_scatter_site\assets\headshots\1627734.webp,47050,5298,0.1126,120,120,skipped_existing,
1629651,D:\nba\headshot\1629651.png,D:\nba\headshot(webp)\1629651.webp,D:\nba\salary_scatter_site\assets\headshots\1629651.webp,45457,4244,0.0934,120,120,skipped_existing,
1630590,D:\nba\headshot\1630590.png,D:\nba\headshot(webp)\1630590.webp,D:\nba\salary_scatter_site\assets\headshots\1630590.webp,50306,4456,0.0886,120,120,skipped_existing,
203084,D:\nba\headshot\203084.png,D:\nba\headshot(webp)\203084.webp,D:\nba\salary_scatter_site\assets\headshots\203084.webp,44321,4232,0.0955,120,120,skipped_existing,
1629111,D:\nba\headshot\1629111.png,D:\nba\headshot(webp)\1629111.webp,D:\nba\salary_scatter_site\assets\headshots\1629111.webp,44337,5056,0.114,120,120,skipped_existing,
1642450,D:\nba\headshot\1642450.png,D:\nba\headshot(webp)\1642450.webp,D:\nba\salary_scatter_site\assets\headshots\1642450.webp,56636,5990,0.1058,120,120,skipped_existing,
203501,D:\nba\headshot\203501.png,D:\nba\headshot(webp)\203501.webp,D:\nba\salary_scatter_site\assets\headshots\203501.webp,50189,5820,0.116,120,120,skipped_existing,
1630173,D:\nba\headshot\1630173.png,D:\nba\headshot(webp)\1630173.webp,D:\nba\salary_scatter_site\assets\headshots\1630173.webp,49321,5324,0.1079,120,120,skipped_existing,
1626171,D:\nba\headshot\1626171.png,D:\nba\headshot(webp)\1626171.webp,D:\nba\salary_scatter_site\assets\headshots\1626171.webp,46039,4630,0.1006,120,120,skipped_existing,
1630538,D:\nba\headshot\1630538.png,D:\nba\headshot(webp)\1630538.webp,D:\nba\salary_scatter_site\assets\headshots\1630538.webp,52738,4490,0.0851,120,120,skipped_existing,
203939,D:\nba\headshot\203939.png,D:\nba\headshot(webp)\203939.webp,D:\nba\salary_scatter_site\assets\headshots\203939.webp,53705,5946,0.1107,120,120,skipped_existing,
1641718,D:\nba\headshot\1641718.png,D:\nba\headshot(webp)\1641718.webp,D:\nba\salary_scatter_site\assets\headshots\1641718.webp,42464,3774,0.0889,120,120,skipped_existing,
1629637,D:\nba\headshot\1629637.png,D:\nba\headshot(webp)\1629637.webp,D:\nba\salary_scatter_site\assets\headshots\1629637.webp,49727,5458,0.1098,120,120,skipped_existing,
1629723,D:\nba\headshot\1629723.png,D:\nba\headshot(webp)\1629723.webp,D:\nba\salary_scatter_site\assets\headshots\1629723.webp,41686,3844,0.0922,120,120,skipped_existing,
1629013,D:\nba\headshot\1629013.png,D:\nba\headshot(webp)\1629013.webp,D:\nba\salary_scatter_site\assets\headshots\1629013.webp,54183,6212,0.1146,120,120,skipped_existing,
1641757,D:\nba\headshot\1641757.png,D:\nba\headshot(webp)\1641757.webp,D:\nba\salary_scatter_site\assets\headshots\1641757.webp,48388,5522,0.1141,120,120,skipped_existing,
1641783,D:\nba\headshot\1641783.png,D:\nba\headshot(webp)\1641783.webp,D:\nba\salary_scatter_site\assets\headshots\1641783.webp,48891,5382,0.1101,120,120,skipped_existing,
1631222,D:\nba\headshot\1631222.png,D:\nba\headshot(webp)\1631222.webp,D:\nba\salary_scatter_site\assets\headshots\1631222.webp,48913,5580,0.1141,120,120,skipped_existing,
203924,D:\nba\headshot\203924.png,D:\nba\headshot(webp)\203924.webp,D:\nba\salary_scatter_site\assets\headshots\203924.webp,56171,6098,0.1086,120,120,skipped_existing,
1631109,D:\nba\headshot\1631109.png,D:\nba\headshot(webp)\1631109.webp,D:\nba\salary_scatter_site\assets\headshots\1631109.webp,44538,4746,0.1066,120,120,skipped_existing,
1631131,D:\nba\headshot\1631131.png,D:\nba\headshot(webp)\1631131.webp,D:\nba\salary_scatter_site\assets\headshots\1631131.webp,41776,3736,0.0894,120,120,skipped_existing,
1641842,D:\nba\headshot\1641842.png,D:\nba\headshot(webp)\1641842.webp,D:\nba\salary_scatter_site\assets\headshots\1641842.webp,53136,6044,0.1137,120,120,skipped_existing,
1631243,D:\nba\headshot\1631243.png,D:\nba\headshot(webp)\1631243.webp,D:\nba\salary_scatter_site\assets\headshots\1631243.webp,43861,4802,0.1095,120,120,skipped_existing,
1628379,D:\nba\headshot\1628379.png,D:\nba\headshot(webp)\1628379.webp,D:\nba\salary_scatter_site\assets\headshots\1628379.webp,48278,5508,0.1141,120,120,skipped_existing,
1630703,D:\nba\headshot\1630703.png,D:\nba\headshot(webp)\1630703.webp,D:\nba\salary_scatter_site\assets\headshots\1630703.webp,57225,5706,0.0997,120,120,skipped_existing,
1629631,D:\nba\headshot\1629631.png,D:\nba\headshot(webp)\1629631.webp,D:\nba\salary_scatter_site\assets\headshots\1629631.webp,47365,5230,0.1104,120,120,skipped_existing,
1631245,D:\nba\headshot\1631245.png,D:\nba\headshot(webp)\1631245.webp,D:\nba\salary_scatter_site\assets\headshots\1631245.webp,46335,4830,0.1042,120,120,skipped_existing,
1628371,D:\nba\headshot\1628371.png,D:\nba\headshot(webp)\1628371.webp,D:\nba\salary_scatter_site\assets\headshots\1628371.webp,49523,5212,0.1052,120,120,skipped_existing,
1642883,D:\nba\headshot\1642883.png,D:\nba\headshot(webp)\1642883.webp,D:\nba\salary_scatter_site\assets\headshots\1642883.webp,51549,5112,0.0992,120,120,skipped_existing,
1642281,D:\nba\headshot\1642281.png,D:\nba\headshot(webp)\1642281.webp,D:\nba\salary_scatter_site\assets\headshots\1642281.webp,42483,4094,0.0964,120,120,skipped_existing,
1630167,D:\nba\headshot\1630167.png,D:\nba\headshot(webp)\1630167.webp,D:\nba\salary_scatter_site\assets\headshots\1630167.webp,46947,5030,0.1071,120,120,skipped_existing,
1630228,D:\nba\headshot\1630228.png,D:\nba\headshot(webp)\1630228.webp,D:\nba\salary_scatter_site\assets\headshots\1630228.webp,45682,4750,0.104,120,120,skipped_existing,
1628370,D:\nba\headshot\1628370.png,D:\nba\headshot(webp)\1628370.webp,D:\nba\salary_scatter_site\assets\headshots\1628370.webp,49871,5356,0.1074,120,120,skipped_existing,
1641726,D:\nba\headshot\1641726.png,D:\nba\headshot(webp)\1641726.webp,D:\nba\salary_scatter_site\assets\headshots\1641726.webp,57464,5992,0.1043,120,120,skipped_existing,
1629656,D:\nba\headshot\1629656.png,D:\nba\headshot(webp)\1629656.webp,D:\nba\salary_scatter_site\assets\headshots\1629656.webp,43040,4488,0.1043,120,120,skipped_existing,
204456,D:\nba\headshot\204456.png,D:\nba\headshot(webp)\204456.webp,D:\nba\salary_scatter_site\assets\headshots\204456.webp,43243,4680,0.1082,120,120,skipped_existing,
1629680,D:\nba\headshot\1629680.png,D:\nba\headshot(webp)\1629680.webp,D:\nba\salary_scatter_site\assets\headshots\1629680.webp,57807,5894,0.102,120,120,skipped_existing,
1629622,D:\nba\headshot\1629622.png,D:\nba\headshot(webp)\1629622.webp,D:\nba\salary_scatter_site\assets\headshots\1629622.webp,47129,4188,0.0889,120,120,skipped_existing,
1630533,D:\nba\headshot\1630533.png,D:\nba\headshot(webp)\1630533.webp,D:\nba\salary_scatter_site\assets\headshots\1630533.webp,45083,4186,0.0929,120,120,skipped_existing,
1642857,D:\nba\headshot\1642857.png,D:\nba\headshot(webp)\1642857.webp,D:\nba\salary_scatter_site\assets\headshots\1642857.webp,45807,4412,0.0963,120,120,skipped_existing,
202691,D:\nba\headshot\202691.png,D:\nba\headshot(webp)\202691.webp,D:\nba\salary_scatter_site\assets\headshots\202691.webp,54380,5972,0.1098,120,120,skipped_existing,
1631200,D:\nba\headshot\1631200.png,D:\nba\headshot(webp)\1631200.webp,D:\nba\salary_scatter_site\assets\headshots\1631200.webp,54879,5756,0.1049,120,120,skipped_existing,
1642273,D:\nba\headshot\1642273.png,D:\nba\headshot(webp)\1642273.webp,D:\nba\salary_scatter_site\assets\headshots\1642273.webp,52265,4934,0.0944,120,120,skipped_existing,
201143,D:\nba\headshot\201143.png,D:\nba\headshot(webp)\201143.webp,D:\nba\salary_scatter_site\assets\headshots\201143.webp,52753,5874,0.1113,120,120,skipped_existing,
1641713,D:\nba\headshot\1641713.png,D:\nba\headshot(webp)\1641713.webp,D:\nba\salary_scatter_site\assets\headshots\1641713.webp,50584,4286,0.0847,120,120,skipped_existing,
1631159,D:\nba\headshot\1631159.png,D:\nba\headshot(webp)\1631159.webp,D:\nba\salary_scatter_site\assets\headshots\1631159.webp,43727,4138,0.0946,120,120,skipped_existing,
1628366,D:\nba\headshot\1628366.png,D:\nba\headshot(webp)\1628366.webp,D:\nba\salary_scatter_site\assets\headshots\1628366.webp,42027,4076,0.097,120,120,skipped_existing,
203991,D:\nba\headshot\203991.png,D:\nba\headshot(webp)\203991.webp,D:\nba\salary_scatter_site\assets\headshots\203991.webp,42896,3636,0.0848,120,120,skipped_existing,
1631230,D:\nba\headshot\1631230.png,D:\nba\headshot(webp)\1631230.webp,D:\nba\salary_scatter_site\assets\headshots\1631230.webp,44158,4524,0.1025,120,120,skipped_existing,
1629004,D:\nba\headshot\1629004.png,D:\nba\headshot(webp)\1629004.webp,D:\nba\salary_scatter_site\assets\headshots\1629004.webp,40027,3648,0.0911,120,120,skipped_existing,
203897,D:\nba\headshot\203897.png,D:\nba\headshot(webp)\203897.webp,D:\nba\salary_scatter_site\assets\headshots\203897.webp,46571,5278,0.1133,120,120,skipped_existing,
1642856,D:\nba\headshot\1642856.png,D:\nba\headshot(webp)\1642856.webp,D:\nba\salary_scatter_site\assets\headshots\1642856.webp,42198,4020,0.0953,120,120,skipped_existing,
1641771,D:\nba\headshot\1641771.png,D:\nba\headshot(webp)\1641771.webp,D:\nba\salary_scatter_site\assets\headshots\1641771.webp,43524,4864,0.1118,120,120,skipped_existing,
1629020,D:\nba\headshot\1629020.png,D:\nba\headshot(webp)\1629020.webp,D:\nba\salary_scatter_site\assets\headshots\1629020.webp,49505,5726,0.1157,120,120,skipped_existing,
1641774,D:\nba\headshot\1641774.png,D:\nba\headshot(webp)\1641774.webp,D:\nba\salary_scatter_site\assets\headshots\1641774.webp,49081,5164,0.1052,120,120,skipped_existing,
1630543,D:\nba\headshot\1630543.png,D:\nba\headshot(webp)\1630543.webp,D:\nba\salary_scatter_site\assets\headshots\1630543.webp,50170,5810,0.1158,120,120,skipped_existing,
1630598,D:\nba\headshot\1630598.png,D:\nba\headshot(webp)\1630598.webp,D:\nba\salary_scatter_site\assets\headshots\1630598.webp,47459,5102,0.1075,120,120,skipped_existing,
1631097,D:\nba\headshot\1631097.png,D:\nba\headshot(webp)\1631097.webp,D:\nba\salary_scatter_site\assets\headshots\1631097.webp,48594,5444,0.112,120,120,skipped_existing,
1631255,D:\nba\headshot\1631255.png,D:\nba\headshot(webp)\1631255.webp,D:\nba\salary_scatter_site\assets\headshots\1631255.webp,46284,4492,0.0971,120,120,skipped_existing,
203078,D:\nba\headshot\203078.png,D:\nba\headshot(webp)\203078.webp,D:\nba\salary_scatter_site\assets\headshots\203078.webp,50947,5646,0.1108,120,120,skipped_existing,
1630182,D:\nba\headshot\1630182.png,D:\nba\headshot(webp)\1630182.webp,D:\nba\salary_scatter_site\assets\headshots\1630182.webp,49023,5266,0.1074,120,120,skipped_existing,
1642346,D:\nba\headshot\1642346.png,D:\nba\headshot(webp)\1642346.webp,D:\nba\salary_scatter_site\assets\headshots\1642346.webp,45054,4706,0.1045,120,120,skipped_existing,
1642920,D:\nba\headshot\1642920.png,D:\nba\headshot(webp)\1642920.webp,D:\nba\salary_scatter_site\assets\headshots\1642920.webp,51633,5480,0.1061,120,120,skipped_existing,
1642928,D:\nba\headshot\1642928.png,D:\nba\headshot(webp)\1642928.webp,D:\nba\salary_scatter_site\assets\headshots\1642928.webp,46691,5234,0.1121,120,120,skipped_existing,
1631108,D:\nba\headshot\1631108.png,D:\nba\headshot(webp)\1631108.webp,D:\nba\salary_scatter_site\assets\headshots\1631108.webp,55619,5924,0.1065,120,120,skipped_existing,
1630695,D:\nba\headshot\1630695.png,D:\nba\headshot(webp)\1630695.webp,D:\nba\salary_scatter_site\assets\headshots\1630695.webp,44766,4740,0.1059,120,120,skipped_existing,
1630696,D:\nba\headshot\1630696.png,D:\nba\headshot(webp)\1630696.webp,D:\nba\salary_scatter_site\assets\headshots\1630696.webp,46804,4472,0.0955,120,120,skipped_existing,
1642066,D:\nba\headshot\1642066.png,D:\nba\headshot(webp)\1642066.webp,D:\nba\salary_scatter_site\assets\headshots\1642066.webp,46931,4468,0.0952,120,120,skipped_existing,
1641707,D:\nba\headshot\1641707.png,D:\nba\headshot(webp)\1641707.webp,D:\nba\salary_scatter_site\assets\headshots\1641707.webp,50105,4270,0.0852,120,120,skipped_existing,
1629026,D:\nba\headshot\1629026.png,D:\nba\headshot(webp)\1629026.webp,D:\nba\salary_scatter_site\assets\headshots\1629026.webp,48117,4940,0.1027,120,120,skipped_existing,
1642874,D:\nba\headshot\1642874.png,D:\nba\headshot(webp)\1642874.webp,D:\nba\salary_scatter_site\assets\headshots\1642874.webp,42627,3872,0.0908,120,120,skipped_existing,
1642272,D:\nba\headshot\1642272.png,D:\nba\headshot(webp)\1642272.webp,D:\nba\salary_scatter_site\assets\headshots\1642272.webp,46906,5366,0.1144,120,120,skipped_existing,
1631214,D:\nba\headshot\1631214.png,D:\nba\headshot(webp)\1631214.webp,D:\nba\salary_scatter_site\assets\headshots\1631214.webp,50624,5456,0.1078,120,120,skipped_existing,
1629021,D:\nba\headshot\1629021.png,D:\nba\headshot(webp)\1629021.webp,D:\nba\salary_scatter_site\assets\headshots\1629021.webp,50412,5286,0.1049,120,120,skipped_existing,
1642277,D:\nba\headshot\1642277.png,D:\nba\headshot(webp)\1642277.webp,D:\nba\salary_scatter_site\assets\headshots\1642277.webp,44293,4692,0.1059,120,120,skipped_existing,
1631165,D:\nba\headshot\1631165.png,D:\nba\headshot(webp)\1631165.webp,D:\nba\salary_scatter_site\assets\headshots\1631165.webp,42781,3836,0.0897,120,120,skipped_existing,
1641740,D:\nba\headshot\1641740.png,D:\nba\headshot(webp)\1641740.webp,D:\nba\salary_scatter_site\assets\headshots\1641740.webp,55190,4572,0.0828,120,120,skipped_existing,
1642954,D:\nba\headshot\1642954.png,D:\nba\headshot(webp)\1642954.webp,D:\nba\salary_scatter_site\assets\headshots\1642954.webp,55540,5860,0.1055,120,120,skipped_existing,
203083,D:\nba\headshot\203083.png,D:\nba\headshot(webp)\203083.webp,D:\nba\salary_scatter_site\assets\headshots\203083.webp,44620,4660,0.1044,120,120,skipped_existing,
1631250,D:\nba\headshot\1631250.png,D:\nba\headshot(webp)\1631250.webp,D:\nba\salary_scatter_site\assets\headshots\1631250.webp,46849,4594,0.0981,120,120,skipped_existing,
1631246,D:\nba\headshot\1631246.png,D:\nba\headshot(webp)\1631246.webp,D:\nba\salary_scatter_site\assets\headshots\1631246.webp,41582,3780,0.0909,120,120,skipped_existing,
1642352,D:\nba\headshot\1642352.png,D:\nba\headshot(webp)\1642352.webp,D:\nba\salary_scatter_site\assets\headshots\1642352.webp,46903,4554,0.0971,120,120,skipped_existing,
1631288,D:\nba\headshot\1631288.png,D:\nba\headshot(webp)\1631288.webp,D:\nba\salary_scatter_site\assets\headshots\1631288.webp,48982,5210,0.1064,120,120,skipped_existing,
1628988,D:\nba\headshot\1628988.png,D:\nba\headshot(webp)\1628988.webp,D:\nba\salary_scatter_site\assets\headshots\1628988.webp,43455,3534,0.0813,120,120,skipped_existing,
1642864,D:\nba\headshot\1642864.png,D:\nba\headshot(webp)\1642864.webp,D:\nba\salary_scatter_site\assets\headshots\1642864.webp,45205,4422,0.0978,120,120,skipped_existing,
1628963,D:\nba\headshot\1628963.png,D:\nba\headshot(webp)\1628963.webp,D:\nba\salary_scatter_site\assets\headshots\1628963.webp,58613,5722,0.0976,120,120,skipped_existing,
201144,D:\nba\headshot\201144.png,D:\nba\headshot(webp)\201144.webp,D:\nba\salary_scatter_site\assets\headshots\201144.webp,52836,4388,0.083,120,120,skipped_existing,
1626156,D:\nba\headshot\1626156.png,D:\nba\headshot(webp)\1626156.webp,D:\nba\salary_scatter_site\assets\headshots\1626156.webp,54366,5980,0.11,120,120,skipped_existing,
1641989,D:\nba\headshot\1641989.png,D:\nba\headshot(webp)\1641989.webp,D:\nba\salary_scatter_site\assets\headshots\1641989.webp,41449,3668,0.0885,120,120,skipped_existing,
1642363,D:\nba\headshot\1642363.png,D:\nba\headshot(webp)\1642363.webp,D:\nba\salary_scatter_site\assets\headshots\1642363.webp,48947,5254,0.1073,120,120,skipped_existing,
1641730,D:\nba\headshot\1641730.png,D:\nba\headshot(webp)\1641730.webp,D:\nba\salary_scatter_site\assets\headshots\1641730.webp,47748,4360,0.0913,120,120,skipped_existing,
1629646,D:\nba\headshot\1629646.png,D:\nba\headshot(webp)\1629646.webp,D:\nba\salary_scatter_site\assets\headshots\1629646.webp,49950,4852,0.0971,120,120,skipped_existing,
1630171,D:\nba\headshot\1630171.png,D:\nba\headshot(webp)\1630171.webp,D:\nba\salary_scatter_site\assets\headshots\1630171.webp,44554,4342,0.0975,120,120,skipped_existing,
1641737,D:\nba\headshot\1641737.png,D:\nba\headshot(webp)\1641737.webp,D:\nba\salary_scatter_site\assets\headshots\1641737.webp,44113,4520,0.1025,120,120,skipped_existing,
1642259,D:\nba\headshot\1642259.png,D:\nba\headshot(webp)\1642259.webp,D:\nba\salary_scatter_site\assets\headshots\1642259.webp,50778,5212,0.1026,120,120,skipped_existing,
1641772,D:\nba\headshot\1641772.png,D:\nba\headshot(webp)\1641772.webp,D:\nba\salary_scatter_site\assets\headshots\1641772.webp,42905,4052,0.0944,120,120,skipped_existing,
1626220,D:\nba\headshot\1626220.png,D:\nba\headshot(webp)\1626220.webp,D:\nba\salary_scatter_site\assets\headshots\1626220.webp,44975,4842,0.1077,120,120,skipped_existing,
1626172,D:\nba\headshot\1626172.png,D:\nba\headshot(webp)\1626172.webp,D:\nba\salary_scatter_site\assets\headshots\1626172.webp,46758,4456,0.0953,120,120,skipped_existing,
1642530,D:\nba\headshot\1642530.png,D:\nba\headshot(webp)\1642530.webp,D:\nba\salary_scatter_site\assets\headshots\1642530.webp,45147,4442,0.0984,120,120,skipped_existing,
1627824,D:\nba\headshot\1627824.png,D:\nba\headshot(webp)\1627824.webp,D:\nba\salary_scatter_site\assets\headshots\1627824.webp,46091,4330,0.0939,120,120,skipped_existing,
1643052,D:\nba\headshot\1643052.png,D:\nba\headshot(webp)\1643052.webp,D:\nba\salary_scatter_site\assets\headshots\1643052.webp,43816,4328,0.0988,120,120,skipped_existing,
1630619,D:\nba\headshot\1630619.png,D:\nba\headshot(webp)\1630619.webp,D:\nba\salary_scatter_site\assets\headshots\1630619.webp,55560,5848,0.1053,120,120,skipped_existing,
1631199,D:\nba\headshot\1631199.png,D:\nba\headshot(webp)\1631199.webp,D:\nba\salary_scatter_site\assets\headshots\1631199.webp,49913,4356,0.0873,120,120,skipped_existing,
1641731,D:\nba\headshot\1641731.png,D:\nba\headshot(webp)\1641731.webp,D:\nba\salary_scatter_site\assets\headshots\1641731.webp,50307,5176,0.1029,120,120,skipped_existing,
1627752,D:\nba\headshot\1627752.png,D:\nba\headshot(webp)\1627752.webp,D:\nba\salary_scatter_site\assets\headshots\1627752.webp,47746,4222,0.0884,120,120,skipped_existing,
1628380,D:\nba\headshot\1628380.png,D:\nba\headshot(webp)\1628380.webp,D:\nba\salary_scatter_site\assets\headshots\1628380.webp,44861,4276,0.0953,120,120,skipped_existing,
1630249,D:\nba\headshot\1630249.png,D:\nba\headshot(webp)\1630249.webp,D:\nba\salary_scatter_site\assets\headshots\1630249.webp,54610,5496,0.1006,120,120,skipped_existing,
1630560,D:\nba\headshot\1630560.png,D:\nba\headshot(webp)\1630560.webp,D:\nba\salary_scatter_site\assets\headshots\1630560.webp,50224,4414,0.0879,120,120,skipped_existing,
202685,D:\nba\headshot\202685.png,D:\nba\headshot(webp)\202685.webp,D:\nba\salary_scatter_site\assets\headshots\202685.webp,51951,5718,0.1101,120,120,skipped_existing,
1641738,D:\nba\headshot\1641738.png,D:\nba\headshot(webp)\1641738.webp,D:\nba\salary_scatter_site\assets\headshots\1641738.webp,45089,4684,0.1039,120,120,skipped_existing,
1642948,D:\nba\headshot\1642948.png,D:\nba\headshot(webp)\1642948.webp,D:\nba\salary_scatter_site\assets\headshots\1642948.webp,55485,5928,0.1068,120,120,skipped_existing,
1641810,D:\nba\headshot\1641810.png,D:\nba\headshot(webp)\1641810.webp,D:\nba\salary_scatter_site\assets\headshots\1641810.webp,50026,5166,0.1033,120,120,skipped_existing,
1642918,D:\nba\headshot\1642918.png,D:\nba\headshot(webp)\1642918.webp,D:\nba\salary_scatter_site\assets\headshots\1642918.webp,43674,4766,0.1091,120,120,skipped_existing,
1630191,D:\nba\headshot\1630191.png,D:\nba\headshot(webp)\1630191.webp,D:\nba\salary_scatter_site\assets\headshots\1630191.webp,57495,5730,0.0997,120,120,skipped_existing,
1631204,D:\nba\headshot\1631204.png,D:\nba\headshot(webp)\1631204.webp,D:\nba\salary_scatter_site\assets\headshots\1631204.webp,54089,6012,0.1112,120,120,skipped_existing,
1628418,D:\nba\headshot\1628418.png,D:\nba\headshot(webp)\1628418.webp,D:\nba\salary_scatter_site\assets\headshots\1628418.webp,43382,3976,0.0917,120,120,skipped_existing,
1642854,D:\nba\headshot\1642854.png,D:\nba\headshot(webp)\1642854.webp,D:\nba\salary_scatter_site\assets\headshots\1642854.webp,45019,5124,0.1138,120,120,skipped_existing,
1642382,D:\nba\headshot\1642382.png,D:\nba\headshot(webp)\1642382.webp,D:\nba\salary_scatter_site\assets\headshots\1642382.webp,46324,5048,0.109,120,120,skipped_existing,
1628998,D:\nba\headshot\1628998.png,D:\nba\headshot(webp)\1628998.webp,D:\nba\salary_scatter_site\assets\headshots\1628998.webp,43953,4732,0.1077,120,120,skipped_existing,
1641747,D:\nba\headshot\1641747.png,D:\nba\headshot(webp)\1641747.webp,D:\nba\salary_scatter_site\assets\headshots\1641747.webp,53058,5590,0.1054,120,120,skipped_existing,
1627827,D:\nba\headshot\1627827.png,D:\nba\headshot(webp)\1627827.webp,D:\nba\salary_scatter_site\assets\headshots\1627827.webp,43872,3778,0.0861,120,120,skipped_existing,
1629312,D:\nba\headshot\1629312.png,D:\nba\headshot(webp)\1629312.webp,D:\nba\salary_scatter_site\assets\headshots\1629312.webp,45003,4684,0.1041,120,120,skipped_existing,
1642877,D:\nba\headshot\1642877.png,D:\nba\headshot(webp)\1642877.webp,D:\nba\salary_scatter_site\assets\headshots\1642877.webp,45965,4462,0.0971,120,120,skipped_existing,
1631107,D:\nba\headshot\1631107.png,D:\nba\headshot(webp)\1631107.webp,D:\nba\salary_scatter_site\assets\headshots\1631107.webp,46714,4464,0.0956,120,120,skipped_existing,
1642461,D:\nba\headshot\1642461.png,D:\nba\headshot(webp)\1642461.webp,D:\nba\salary_scatter_site\assets\headshots\1642461.webp,49879,5814,0.1166,120,120,skipped_existing,
1642274,D:\nba\headshot\1642274.png,D:\nba\headshot(webp)\1642274.webp,D:\nba\salary_scatter_site\assets\headshots\1642274.webp,46704,4384,0.0939,120,120,skipped_existing,
203992,D:\nba\headshot\203992.png,D:\nba\headshot(webp)\203992.webp,D:\nba\salary_scatter_site\assets\headshots\203992.webp,48380,5384,0.1113,120,120,skipped_existing,
1641715,D:\nba\headshot\1641715.png,D:\nba\headshot(webp)\1641715.webp,D:\nba\salary_scatter_site\assets\headshots\1641715.webp,50926,5240,0.1029,120,120,skipped_existing,
1631093,D:\nba\headshot\1631093.png,D:\nba\headshot(webp)\1631093.webp,D:\nba\salary_scatter_site\assets\headshots\1631093.webp,44782,4432,0.099,120,120,skipped_existing,
1627741,D:\nba\headshot\1627741.png,D:\nba\headshot(webp)\1627741.webp,D:\nba\salary_scatter_site\assets\headshots\1627741.webp,48526,5202,0.1072,120,120,skipped_existing,
1631342,D:\nba\headshot\1631342.png,D:\nba\headshot(webp)\1631342.webp,D:\nba\salary_scatter_site\assets\headshots\1631342.webp,47486,5098,0.1074,120,120,skipped_existing,
1631133,D:\nba\headshot\1631133.png,D:\nba\headshot(webp)\1631133.webp,D:\nba\salary_scatter_site\assets\headshots\1631133.webp,48997,4696,0.0958,120,120,skipped_existing,
1642278,D:\nba\headshot\1642278.png,D:\nba\headshot(webp)\1642278.webp,D:\nba\salary_scatter_site\assets\headshots\1642278.webp,53977,6148,0.1139,120,120,skipped_existing,
203114,D:\nba\headshot\203114.png,D:\nba\headshot(webp)\203114.webp,D:\nba\salary_scatter_site\assets\headshots\203114.webp,55436,5936,0.1071,120,120,skipped_existing,
1630644,D:\nba\headshot\1630644.png,D:\nba\headshot(webp)\1630644.webp,D:\nba\salary_scatter_site\assets\headshots\1630644.webp,44828,4334,0.0967,120,120,skipped_existing,
1628449,D:\nba\headshot\1628449.png,D:\nba\headshot(webp)\1628449.webp,D:\nba\salary_scatter_site\assets\headshots\1628449.webp,45420,4554,0.1003,120,120,skipped_existing,
1629726,D:\nba\headshot\1629726.png,D:\nba\headshot(webp)\1629726.webp,D:\nba\salary_scatter_site\assets\headshots\1629726.webp,44267,4792,0.1083,120,120,skipped_existing,
203903,D:\nba\headshot\203903.png,D:\nba\headshot(webp)\203903.webp,D:\nba\salary_scatter_site\assets\headshots\203903.webp,56775,6188,0.109,120,120,skipped_existing,
1631321,D:\nba\headshot\1631321.png,D:\nba\headshot(webp)\1631321.webp,D:\nba\salary_scatter_site\assets\headshots\1631321.webp,55549,5684,0.1023,120,120,skipped_existing,
1641869,D:\nba\headshot\1641869.png,D:\nba\headshot(webp)\1641869.webp,D:\nba\salary_scatter_site\assets\headshots\1641869.webp,,,,,,missing_headshot,
1628420,D:\nba\headshot\1628420.png,D:\nba\headshot(webp)\1628420.webp,D:\nba\salary_scatter_site\assets\headshots\1628420.webp,44305,4940,0.1115,120,120,skipped_existing,
1631123,D:\nba\headshot\1631123.png,D:\nba\headshot(webp)\1631123.webp,D:\nba\salary_scatter_site\assets\headshots\1631123.webp,43111,4638,0.1076,120,120,skipped_existing,
1642866,D:\nba\headshot\1642866.png,D:\nba\headshot(webp)\1642866.webp,D:\nba\salary_scatter_site\assets\headshots\1642866.webp,52822,4408,0.0835,120,120,skipped_existing,
201587,D:\nba\headshot\201587.png,D:\nba\headshot(webp)\201587.webp,D:\nba\salary_scatter_site\assets\headshots\201587.webp,49047,5604,0.1143,120,120,skipped_existing,
1631121,D:\nba\headshot\1631121.png,D:\nba\headshot(webp)\1631121.webp,D:\nba\salary_scatter_site\assets\headshots\1631121.webp,46239,4518,0.0977,120,120,skipped_existing,
203937,D:\nba\headshot\203937.png,D:\nba\headshot(webp)\203937.webp,D:\nba\salary_scatter_site\assets\headshots\203937.webp,52407,4406,0.0841,120,120,skipped_existing,
1642950,D:\nba\headshot\1642950.png,D:\nba\headshot(webp)\1642950.webp,D:\nba\salary_scatter_site\assets\headshots\1642950.webp,45353,4278,0.0943,120,120,skipped_existing,
1630604,D:\nba\headshot\1630604.png,D:\nba\headshot(webp)\1630604.webp,D:\nba\salary_scatter_site\assets\headshots\1630604.webp,46044,4108,0.0892,120,120,skipped_existing,
1630702,D:\nba\headshot\1630702.png,D:\nba\headshot(webp)\1630702.webp,D:\nba\salary_scatter_site\assets\headshots\1630702.webp,51072,5298,0.1037,120,120,skipped_existing,
1642853,D:\nba\headshot\1642853.png,D:\nba\headshot(webp)\1642853.webp,D:\nba\salary_scatter_site\assets\headshots\1642853.webp,44280,4684,0.1058,120,120,skipped_existing,
1642878,D:\nba\headshot\1642878.png,D:\nba\headshot(webp)\1642878.webp,D:\nba\salary_scatter_site\assets\headshots\1642878.webp,43154,4012,0.093,120,120,skipped_existing,
1641854,D:\nba\headshot\1641854.png,D:\nba\headshot(webp)\1641854.webp,D:\nba\salary_scatter_site\assets\headshots\1641854.webp,45356,3916,0.0863,120,120,skipped_existing,
1630165,D:\nba\headshot\1630165.png,D:\nba\headshot(webp)\1630165.webp,D:\nba\salary_scatter_site\assets\headshots\1630165.webp,46382,5172,0.1115,120,120,skipped_existing,
1642862,D:\nba\headshot\1642862.png,D:\nba\headshot(webp)\1642862.webp,D:\nba\salary_scatter_site\assets\headshots\1642862.webp,49900,5168,0.1036,120,120,skipped_existing,
1642852,D:\nba\headshot\1642852.png,D:\nba\headshot(webp)\1642852.webp,D:\nba\salary_scatter_site\assets\headshots\1642852.webp,46325,4412,0.0952,120,120,skipped_existing,
1631111,D:\nba\headshot\1631111.png,D:\nba\headshot(webp)\1631111.webp,D:\nba\salary_scatter_site\assets\headshots\1631111.webp,54461,6054,0.1112,120,120,skipped_existing,
1643016,D:\nba\headshot\1643016.png,D:\nba\headshot(webp)\1643016.webp,D:\nba\salary_scatter_site\assets\headshots\1643016.webp,14950,2434,0.1628,120,120,skipped_existing,
203914,D:\nba\headshot\203914.png,D:\nba\headshot(webp)\203914.webp,D:\nba\salary_scatter_site\assets\headshots\203914.webp,47552,4458,0.0938,120,120,skipped_existing,
1631124,D:\nba\headshot\1631124.png,D:\nba\headshot(webp)\1631124.webp,D:\nba\salary_scatter_site\assets\headshots\1631124.webp,51889,5970,0.1151,120,120,skipped_existing,
1642348,D:\nba\headshot\1642348.png,D:\nba\headshot(webp)\1642348.webp,D:\nba\salary_scatter_site\assets\headshots\1642348.webp,43203,4586,0.1062,120,120,skipped_existing,
201567,D:\nba\headshot\201567.png,D:\nba\headshot(webp)\201567.webp,D:\nba\salary_scatter_site\assets\headshots\201567.webp,41093,3686,0.0897,120,120,skipped_existing,
1630545,D:\nba\headshot\1630545.png,D:\nba\headshot(webp)\1630545.webp,D:\nba\salary_scatter_site\assets\headshots\1630545.webp,54013,4558,0.0844,120,120,skipped_existing,
1626166,D:\nba\headshot\1626166.png,D:\nba\headshot(webp)\1626166.webp,D:\nba\salary_scatter_site\assets\headshots\1626166.webp,44202,4524,0.1023,120,120,skipped_existing,
101108,D:\nba\headshot\101108.png,D:\nba\headshot(webp)\101108.webp,D:\nba\salary_scatter_site\assets\headshots\101108.webp,48182,5540,0.115,120,120,skipped_existing,
1641763,D:\nba\headshot\1641763.png,D:\nba\headshot(webp)\1641763.webp,D:\nba\salary_scatter_site\assets\headshots\1641763.webp,55832,4638,0.0831,120,120,skipped_existing,
1642863,D:\nba\headshot\1642863.png,D:\nba\headshot(webp)\1642863.webp,D:\nba\salary_scatter_site\assets\headshots\1642863.webp,43973,4578,0.1041,120,120,skipped_existing,
1642875,D:\nba\headshot\1642875.png,D:\nba\headshot(webp)\1642875.webp,D:\nba\salary_scatter_site\assets\headshots\1642875.webp,46492,5264,0.1132,120,120,skipped_existing,
1630557,D:\nba\headshot\1630557.png,D:\nba\headshot(webp)\1630557.webp,D:\nba\salary_scatter_site\assets\headshots\1630557.webp,45602,4970,0.109,120,120,skipped_existing,
1641711,D:\nba\headshot\1641711.png,D:\nba\headshot(webp)\1641711.webp,D:\nba\salary_scatter_site\assets\headshots\1641711.webp,41724,4630,0.111,120,120,skipped_existing,
1628975,D:\nba\headshot\1628975.png,D:\nba\headshot(webp)\1628975.webp,D:\nba\salary_scatter_site\assets\headshots\1628975.webp,49726,5160,0.1038,120,120,skipped_existing,
1629673,D:\nba\headshot\1629673.png,D:\nba\headshot(webp)\1629673.webp,D:\nba\salary_scatter_site\assets\headshots\1629673.webp,45511,4450,0.0978,120,120,skipped_existing,
1630811,D:\nba\headshot\1630811.png,D:\nba\headshot(webp)\1630811.webp,D:\nba\salary_scatter_site\assets\headshots\1630811.webp,47771,4906,0.1027,120,120,skipped_existing,
1642933,D:\nba\headshot\1642933.png,D:\nba\headshot(webp)\1642933.webp,D:\nba\salary_scatter_site\assets\headshots\1642933.webp,49876,5182,0.1039,120,120,skipped_existing,
1630526,D:\nba\headshot\1630526.png,D:\nba\headshot(webp)\1630526.webp,D:\nba\salary_scatter_site\assets\headshots\1630526.webp,54586,6048,0.1108,120,120,skipped_existing,
1643018,D:\nba\headshot\1643018.png,D:\nba\headshot(webp)\1643018.webp,D:\nba\salary_scatter_site\assets\headshots\1643018.webp,54463,5994,0.1101,120,120,skipped_existing,
1630699,D:\nba\headshot\1630699.png,D:\nba\headshot(webp)\1630699.webp,D:\nba\salary_scatter_site\assets\headshots\1630699.webp,45352,4490,0.099,120,120,skipped_existing,
1631120,D:\nba\headshot\1631120.png,D:\nba\headshot(webp)\1631120.webp,D:\nba\salary_scatter_site\assets\headshots\1631120.webp,46345,3970,0.0857,120,120,skipped_existing,
203552,D:\nba\headshot\203552.png,D:\nba\headshot(webp)\203552.webp,D:\nba\salary_scatter_site\assets\headshots\203552.webp,53292,6122,0.1149,120,120,skipped_existing,
1631207,D:\nba\headshot\1631207.png,D:\nba\headshot(webp)\1631207.webp,D:\nba\salary_scatter_site\assets\headshots\1631207.webp,43035,4598,0.1068,120,120,skipped_existing,
1642434,D:\nba\headshot\1642434.png,D:\nba\headshot(webp)\1642434.webp,D:\nba\salary_scatter_site\assets\headshots\1642434.webp,42430,4040,0.0952,120,120,skipped_existing,
1641767,D:\nba\headshot\1641767.png,D:\nba\headshot(webp)\1641767.webp,D:\nba\salary_scatter_site\assets\headshots\1641767.webp,43124,4846,0.1124,120,120,skipped_existing,
203471,D:\nba\headshot\203471.png,D:\nba\headshot(webp)\203471.webp,D:\nba\salary_scatter_site\assets\headshots\203471.webp,42245,4020,0.0952,120,120,skipped_existing,
1631218,D:\nba\headshot\1631218.png,D:\nba\headshot(webp)\1631218.webp,D:\nba\salary_scatter_site\assets\headshots\1631218.webp,41025,4724,0.1151,120,120,skipped_existing,
1642959,D:\nba\headshot\1642959.png,D:\nba\headshot(webp)\1642959.webp,D:\nba\salary_scatter_site\assets\headshots\1642959.webp,55093,5926,0.1076,120,120,skipped_existing,
1630256,D:\nba\headshot\1630256.png,D:\nba\headshot(webp)\1630256.webp,D:\nba\salary_scatter_site\assets\headshots\1630256.webp,43768,3832,0.0876,120,120,skipped_existing,
1642449,D:\nba\headshot\1642449.png,D:\nba\headshot(webp)\1642449.webp,D:\nba\salary_scatter_site\assets\headshots\1642449.webp,53633,6148,0.1146,120,120,skipped_existing,
1629216,D:\nba\headshot\1629216.png,D:\nba\headshot(webp)\1629216.webp,D:\nba\salary_scatter_site\assets\headshots\1629216.webp,45514,4944,0.1086,120,120,skipped_existing,
1629618,D:\nba\headshot\1629618.png,D:\nba\headshot(webp)\1629618.webp,D:\nba\salary_scatter_site\assets\headshots\1629618.webp,50352,5898,0.1171,120,120,skipped_existing,
1630311,D:\nba\headshot\1630311.png,D:\nba\headshot(webp)\1630311.webp,D:\nba\salary_scatter_site\assets\headshots\1630311.webp,52010,6054,0.1164,120,120,skipped_existing,
1630214,D:\nba\headshot\1630214.png,D:\nba\headshot(webp)\1630214.webp,D:\nba\salary_scatter_site\assets\headshots\1630214.webp,51112,5080,0.0994,120,120,skipped_existing,
1631216,D:\nba\headshot\1631216.png,D:\nba\headshot(webp)\1631216.webp,D:\nba\salary_scatter_site\assets\headshots\1631216.webp,43750,5142,0.1175,120,120,skipped_existing,
1641871,D:\nba\headshot\1641871.png,D:\nba\headshot(webp)\1641871.webp,D:\nba\salary_scatter_site\assets\headshots\1641871.webp,54436,5726,0.1052,120,120,skipped_existing,
1630592,D:\nba\headshot\1630592.png,D:\nba\headshot(webp)\1630592.webp,D:\nba\salary_scatter_site\assets\headshots\1630592.webp,47161,3990,0.0846,120,120,skipped_existing,
1626204,D:\nba\headshot\1626204.png,D:\nba\headshot(webp)\1626204.webp,D:\nba\salary_scatter_site\assets\headshots\1626204.webp,42831,3916,0.0914,120,120,skipped_existing,
1642869,D:\nba\headshot\1642869.png,D:\nba\headshot(webp)\1642869.webp,D:\nba\salary_scatter_site\assets\headshots\1642869.webp,50785,5112,0.1007,120,120,skipped_existing,
1630534,D:\nba\headshot\1630534.png,D:\nba\headshot(webp)\1630534.webp,D:\nba\salary_scatter_site\assets\headshots\1630534.webp,44163,4192,0.0949,120,120,skipped_existing,
203648,D:\nba\headshot\203648.png,D:\nba\headshot(webp)\203648.webp,D:\nba\salary_scatter_site\assets\headshots\203648.webp,46553,4368,0.0938,120,120,skipped_existing,
1630679,D:\nba\headshot\1630679.png,D:\nba\headshot(webp)\1630679.webp,D:\nba\salary_scatter_site\assets\headshots\1630679.webp,46673,4392,0.0941,120,120,skipped_existing,
1630587,D:\nba\headshot\1630587.png,D:\nba\headshot(webp)\1630587.webp,D:\nba\salary_scatter_site\assets\headshots\1630587.webp,47595,4660,0.0979,120,120,skipped_existing,
1630548,D:\nba\headshot\1630548.png,D:\nba\headshot(webp)\1630548.webp,D:\nba\salary_scatter_site\assets\headshots\1630548.webp,51148,4388,0.0858,120,120,skipped_existing,
1642367,D:\nba\headshot\1642367.png,D:\nba\headshot(webp)\1642367.webp,D:\nba\salary_scatter_site\assets\headshots\1642367.webp,45644,4660,0.1021,120,120,skipped_existing,
1642484,D:\nba\headshot\1642484.png,D:\nba\headshot(webp)\1642484.webp,D:\nba\salary_scatter_site\assets\headshots\1642484.webp,45987,5058,0.11,120,120,skipped_existing,
1631110,D:\nba\headshot\1631110.png,D:\nba\headshot(webp)\1631110.webp,D:\nba\salary_scatter_site\assets\headshots\1631110.webp,56207,6074,0.1081,120,120,skipped_existing,
1641790,D:\nba\headshot\1641790.png,D:\nba\headshot(webp)\1641790.webp,D:\nba\salary_scatter_site\assets\headshots\1641790.webp,50258,5086,0.1012,120,120,skipped_existing,
1643007,D:\nba\headshot\1643007.png,D:\nba\headshot(webp)\1643007.webp,D:\nba\salary_scatter_site\assets\headshots\1643007.webp,42847,4754,0.111,120,120,skipped_existing,
1629611,D:\nba\headshot\1629611.png,D:\nba\headshot(webp)\1629611.webp,D:\nba\salary_scatter_site\assets\headshots\1629611.webp,47806,4006,0.0838,120,120,skipped_existing,
1629599,D:\nba\headshot\1629599.png,D:\nba\headshot(webp)\1629599.webp,D:\nba\salary_scatter_site\assets\headshots\1629599.webp,44226,4632,0.1047,120,120,skipped_existing,
1642396,D:\nba\headshot\1642396.png,D:\nba\headshot(webp)\1642396.webp,D:\nba\salary_scatter_site\assets\headshots\1642396.webp,43254,3812,0.0881,120,120,skipped_existing,
1642868,D:\nba\headshot\1642868.png,D:\nba\headshot(webp)\1642868.webp,D:\nba\salary_scatter_site\assets\headshots\1642868.webp,46496,4190,0.0901,120,120,skipped_existing,
1642886,D:\nba\headshot\1642886.png,D:\nba\headshot(webp)\1642886.webp,D:\nba\salary_scatter_site\assets\headshots\1642886.webp,44122,4556,0.1033,120,120,skipped_existing,
1642275,D:\nba\headshot\1642275.png,D:\nba\headshot(webp)\1642275.webp,D:\nba\salary_scatter_site\assets\headshots\1642275.webp,48737,5138,0.1054,120,120,skipped_existing,
1631213,D:\nba\headshot\1631213.png,D:\nba\headshot(webp)\1631213.webp,D:\nba\salary_scatter_site\assets\headshots\1631213.webp,43994,4418,0.1004,120,120,skipped_existing,
1642258,D:\nba\headshot\1642258.png,D:\nba\headshot(webp)\1642258.webp,D:\nba\salary_scatter_site\assets\headshots\1642258.webp,43173,5076,0.1176,120,120,skipped_existing,
1630639,D:\nba\headshot\1630639.png,D:\nba\headshot(webp)\1630639.webp,D:\nba\salary_scatter_site\assets\headshots\1630639.webp,42718,4798,0.1123,120,120,skipped_existing,
1627747,D:\nba\headshot\1627747.png,D:\nba\headshot(webp)\1627747.webp,D:\nba\salary_scatter_site\assets\headshots\1627747.webp,51824,6066,0.1171,120,120,skipped_existing,
1630625,D:\nba\headshot\1630625.png,D:\nba\headshot(webp)\1630625.webp,D:\nba\salary_scatter_site\assets\headshots\1630625.webp,51176,4816,0.0941,120,120,skipped_existing,
1642880,D:\nba\headshot\1642880.png,D:\nba\headshot(webp)\1642880.webp,D:\nba\salary_scatter_site\assets\headshots\1642880.webp,44928,4784,0.1065,120,120,skipped_existing,
1642359,D:\nba\headshot\1642359.png,D:\nba\headshot(webp)\1642359.webp,D:\nba\salary_scatter_site\assets\headshots\1642359.webp,57459,5838,0.1016,120,120,skipped_existing,
1642860,D:\nba\headshot\1642860.png,D:\nba\headshot(webp)\1642860.webp,D:\nba\salary_scatter_site\assets\headshots\1642860.webp,48095,5196,0.108,120,120,skipped_existing,
1642949,D:\nba\headshot\1642949.png,D:\nba\headshot(webp)\1642949.webp,D:\nba\salary_scatter_site\assets\headshots\1642949.webp,49517,5474,0.1105,120,120,skipped_existing,
1630264,D:\nba\headshot\1630264.png,D:\nba\headshot(webp)\1630264.webp,D:\nba\salary_scatter_site\assets\headshots\1630264.webp,49860,5236,0.105,120,120,skipped_existing,
1629018,D:\nba\headshot\1629018.png,D:\nba\headshot(webp)\1629018.webp,D:\nba\salary_scatter_site\assets\headshots\1629018.webp,48080,4616,0.096,120,120,skipped_existing,
1642384,D:\nba\headshot\1642384.png,D:\nba\headshot(webp)\1642384.webp,D:\nba\salary_scatter_site\assets\headshots\1642384.webp,44870,3742,0.0834,120,120,skipped_existing,
1642955,D:\nba\headshot\1642955.png,D:\nba\headshot(webp)\1642955.webp,D:\nba\salary_scatter_site\assets\headshots\1642955.webp,23819,3930,0.165,120,120,skipped_existing,
1626145,D:\nba\headshot\1626145.png,D:\nba\headshot(webp)\1626145.webp,D:\nba\salary_scatter_site\assets\headshots\1626145.webp,51763,5848,0.113,120,120,skipped_existing,
1642846,D:\nba\headshot\1642846.png,D:\nba\headshot(webp)\1642846.webp,D:\nba\salary_scatter_site\assets\headshots\1642846.webp,40765,3562,0.0874,120,120,skipped_existing,
1641748,D:\nba\headshot\1641748.png,D:\nba\headshot(webp)\1641748.webp,D:\nba\salary_scatter_site\assets\headshots\1641748.webp,48465,4356,0.0899,120,120,skipped_existing,
1628997,D:\nba\headshot\1628997.png,D:\nba\headshot(webp)\1628997.webp,D:\nba\salary_scatter_site\assets\headshots\1628997.webp,54743,6018,0.1099,120,120,skipped_existing,
1629162,D:\nba\headshot\1629162.png,D:\nba\headshot(webp)\1629162.webp,D:\nba\salary_scatter_site\assets\headshots\1629162.webp,46185,4330,0.0938,120,120,skipped_existing,
203486,D:\nba\headshot\203486.png,D:\nba\headshot(webp)\203486.webp,D:\nba\salary_scatter_site\assets\headshots\203486.webp,44102,4194,0.0951,120,120,skipped_existing,
1630209,D:\nba\headshot\1630209.png,D:\nba\headshot(webp)\1630209.webp,D:\nba\salary_scatter_site\assets\headshots\1630209.webp,,,,,,missing_headshot,
1626192,D:\nba\headshot\1626192.png,D:\nba\headshot(webp)\1626192.webp,D:\nba\salary_scatter_site\assets\headshots\1626192.webp,50544,5220,0.1033,120,120,skipped_existing,
1628396,D:\nba\headshot\1628396.png,D:\nba\headshot(webp)\1628396.webp,D:\nba\salary_scatter_site\assets\headshots\1628396.webp,43699,4836,0.1107,120,120,skipped_existing,
1630623,D:\nba\headshot\1630623.png,D:\nba\headshot(webp)\1630623.webp,D:\nba\salary_scatter_site\assets\headshots\1630623.webp,45346,4150,0.0915,120,120,skipped_existing,
1630175,D:\nba\headshot\1630175.png,D:\nba\headshot(webp)\1630175.webp,D:\nba\salary_scatter_site\assets\headshots\1630175.webp,47168,4626,0.0981,120,120,skipped_existing,
203926,D:\nba\headshot\203926.png,D:\nba\headshot(webp)\203926.webp,D:\nba\salary_scatter_site\assets\headshots\203926.webp,46155,5204,0.1128,120,120,skipped_existing,
201569,D:\nba\headshot\201569.png,D:\nba\headshot(webp)\201569.webp,D:\nba\salary_scatter_site\assets\headshots\201569.webp,44834,4648,0.1037,120,120,skipped_existing,
1642859,D:\nba\headshot\1642859.png,D:\nba\headshot(webp)\1642859.webp,D:\nba\salary_scatter_site\assets\headshots\1642859.webp,51428,5176,0.1006,120,120,skipped_existing,
203482,D:\nba\headshot\203482.png,D:\nba\headshot(webp)\203482.webp,D:\nba\salary_scatter_site\assets\headshots\203482.webp,48528,4448,0.0917,120,120,skipped_existing,
1630322,D:\nba\headshot\1630322.png,D:\nba\headshot(webp)\1630322.webp,D:\nba\salary_scatter_site\assets\headshots\1630322.webp,47269,4282,0.0906,120,120,skipped_existing,
1642885,D:\nba\headshot\1642885.png,D:\nba\headshot(webp)\1642885.webp,D:\nba\salary_scatter_site\assets\headshots\1642885.webp,54420,5980,0.1099,120,120,skipped_existing,
1630208,D:\nba\headshot\1630208.png,D:\nba\headshot(webp)\1630208.webp,D:\nba\salary_scatter_site\assets\headshots\1630208.webp,47091,4518,0.0959,120,120,skipped_existing,
1642353,D:\nba\headshot\1642353.png,D:\nba\headshot(webp)\1642353.webp,D:\nba\salary_scatter_site\assets\headshots\1642353.webp,49161,5502,0.1119,120,120,skipped_existing,
201566,D:\nba\headshot\201566.png,D:\nba\headshot(webp)\201566.webp,D:\nba\salary_scatter_site\assets\headshots\201566.webp,48478,5344,0.1102,120,120,skipped_existing,
1641809,D:\nba\headshot\1641809.png,D:\nba\headshot(webp)\1641809.webp,D:\nba\salary_scatter_site\assets\headshots\1641809.webp,47730,5220,0.1094,120,120,skipped_existing,
1631466,D:\nba\headshot\1631466.png,D:\nba\headshot(webp)\1631466.webp,D:\nba\salary_scatter_site\assets\headshots\1631466.webp,53128,5760,0.1084,120,120,skipped_existing,
1630574,D:\nba\headshot\1630574.png,D:\nba\headshot(webp)\1630574.webp,D:\nba\salary_scatter_site\assets\headshots\1630574.webp,54484,6068,0.1114,120,120,skipped_existing,
1631223,D:\nba\headshot\1631223.png,D:\nba\headshot(webp)\1631223.webp,D:\nba\salary_scatter_site\assets\headshots\1631223.webp,53061,5762,0.1086,120,120,skipped_existing,
201599,D:\nba\headshot\201599.png,D:\nba\headshot(webp)\201599.webp,D:\nba\salary_scatter_site\assets\headshots\201599.webp,47166,4468,0.0947,120,120,skipped_existing,
1629234,D:\nba\headshot\1629234.png,D:\nba\headshot(webp)\1629234.webp,D:\nba\salary_scatter_site\assets\headshots\1629234.webp,47309,5342,0.1129,120,120,skipped_existing,
1630192,D:\nba\headshot\1630192.png,D:\nba\headshot(webp)\1630192.webp,D:\nba\salary_scatter_site\assets\headshots\1630192.webp,49868,6084,0.122,120,120,skipped_existing,
1642876,D:\nba\headshot\1642876.png,D:\nba\headshot(webp)\1642876.webp,D:\nba\salary_scatter_site\assets\headshots\1642876.webp,50154,5468,0.109,120,120,skipped_existing,
1641752,D:\nba\headshot\1641752.png,D:\nba\headshot(webp)\1641752.webp,D:\nba\salary_scatter_site\assets\headshots\1641752.webp,55388,6062,0.1094,120,120,skipped_existing,
1642260,D:\nba\headshot\1642260.png,D:\nba\headshot(webp)\1642260.webp,D:\nba\salary_scatter_site\assets\headshots\1642260.webp,45757,4998,0.1092,120,120,skipped_existing,
1631116,D:\nba\headshot\1631116.png,D:\nba\headshot(webp)\1631116.webp,D:\nba\salary_scatter_site\assets\headshots\1631116.webp,47077,5332,0.1133,120,120,skipped_existing,
1642261,D:\nba\headshot\1642261.png,D:\nba\headshot(webp)\1642261.webp,D:\nba\salary_scatter_site\assets\headshots\1642261.webp,50013,5554,0.1111,120,120,skipped_existing,
1630164,D:\nba\headshot\1630164.png,D:\nba\headshot(webp)\1630164.webp,D:\nba\salary_scatter_site\assets\headshots\1630164.webp,43553,4694,0.1078,120,120,skipped_existing,
1628467,D:\nba\headshot\1628467.png,D:\nba\headshot(webp)\1628467.webp,D:\nba\salary_scatter_site\assets\headshots\1628467.webp,48840,5688,0.1165,120,120,skipped_existing,
1631132,D:\nba\headshot\1631132.png,D:\nba\headshot(webp)\1631132.webp,D:\nba\salary_scatter_site\assets\headshots\1631132.webp,44376,4988,0.1124,120,120,skipped_existing,
1642967,D:\nba\headshot\1642967.png,D:\nba\headshot(webp)\1642967.webp,D:\nba\salary_scatter_site\assets\headshots\1642967.webp,54744,5954,0.1088,120,120,skipped_existing,
1631247,D:\nba\headshot\1631247.png,D:\nba\headshot(webp)\1631247.webp,D:\nba\salary_scatter_site\assets\headshots\1631247.webp,44148,3956,0.0896,120,120,skipped_existing,
1642939,D:\nba\headshot\1642939.png,D:\nba\headshot(webp)\1642939.webp,D:\nba\salary_scatter_site\assets\headshots\1642939.webp,54881,5878,0.1071,120,120,skipped_existing,
1641725,D:\nba\headshot\1641725.png,D:\nba\headshot(webp)\1641725.webp,D:\nba\salary_scatter_site\assets\headshots\1641725.webp,45901,4376,0.0953,120,120,skipped_existing,
1631102,D:\nba\headshot\1631102.png,D:\nba\headshot(webp)\1631102.webp,D:\nba\salary_scatter_site\assets\headshots\1631102.webp,53191,5752,0.1081,120,120,skipped_existing,
1642404,D:\nba\headshot\1642404.png,D:\nba\headshot(webp)\1642404.webp,D:\nba\salary_scatter_site\assets\headshots\1642404.webp,55486,6062,0.1093,120,120,skipped_existing,
1630610,D:\nba\headshot\1630610.png,D:\nba\headshot(webp)\1630610.webp,D:\nba\salary_scatter_site\assets\headshots\1630610.webp,49344,4370,0.0886,120,120,skipped_existing,
1641755,D:\nba\headshot\1641755.png,D:\nba\headshot(webp)\1641755.webp,D:\nba\salary_scatter_site\assets\headshots\1641755.webp,55192,6054,0.1097,120,120,skipped_existing,
202066,D:\nba\headshot\202066.png,D:\nba\headshot(webp)\202066.webp,D:\nba\salary_scatter_site\assets\headshots\202066.webp,42756,4812,0.1125,120,120,skipped_existing,
1642419,D:\nba\headshot\1642419.png,D:\nba\headshot(webp)\1642419.webp,D:\nba\salary_scatter_site\assets\headshots\1642419.webp,42256,4660,0.1103,120,120,skipped_existing,
1631103,D:\nba\headshot\1631103.png,D:\nba\headshot(webp)\1631103.webp,D:\nba\salary_scatter_site\assets\headshots\1631103.webp,50542,5178,0.1024,120,120,skipped_existing,
1642502,D:\nba\headshot\1642502.png,D:\nba\headshot(webp)\1642502.webp,D:\nba\salary_scatter_site\assets\headshots\1642502.webp,51614,6068,0.1176,120,120,skipped_existing,
1628502,D:\nba\headshot\1628502.png,D:\nba\headshot(webp)\1628502.webp,D:\nba\salary_scatter_site\assets\headshots\1628502.webp,43949,4762,0.1084,120,120,skipped_existing,
1641780,D:\nba\headshot\1641780.png,D:\nba\headshot(webp)\1641780.webp,D:\nba\salary_scatter_site\assets\headshots\1641780.webp,44247,4552,0.1029,120,120,skipped_existing,
1642355,D:\nba\headshot\1642355.png,D:\nba\headshot(webp)\1642355.webp,D:\nba\salary_scatter_site\assets\headshots\1642355.webp,50248,5506,0.1096,120,120,skipped_existing,
1631166,D:\nba\headshot\1631166.png,D:\nba\headshot(webp)\1631166.webp,D:\nba\salary_scatter_site\assets\headshots\1631166.webp,49007,5598,0.1142,120,120,skipped_existing,
1631451,D:\nba\headshot\1631451.png,D:\nba\headshot(webp)\1631451.webp,D:\nba\salary_scatter_site\assets\headshots\1631451.webp,55922,5726,0.1024,120,120,skipped_existing,
200768,D:\nba\headshot\200768.png,D:\nba\headshot(webp)\200768.webp,D:\nba\salary_scatter_site\assets\headshots\200768.webp,43045,4550,0.1057,120,120,skipped_existing,
1642873,D:\nba\headshot\1642873.png,D:\nba\headshot(webp)\1642873.webp,D:\nba\salary_scatter_site\assets\headshots\1642873.webp,46117,4428,0.096,120,120,skipped_existing,
1631104,D:\nba\headshot\1631104.png,D:\nba\headshot(webp)\1631104.webp,D:\nba\salary_scatter_site\assets\headshots\1631104.webp,54970,5730,0.1042,120,120,skipped_existing,
1642938,D:\nba\headshot\1642938.png,D:\nba\headshot(webp)\1642938.webp,D:\nba\salary_scatter_site\assets\headshots\1642938.webp,50332,5852,0.1163,120,120,skipped_existing,
201959,D:\nba\headshot\201959.png,D:\nba\headshot(webp)\201959.webp,D:\nba\salary_scatter_site\assets\headshots\201959.webp,48589,4450,0.0916,120,120,skipped_existing,
1642400,D:\nba\headshot\1642400.png,D:\nba\headshot(webp)\1642400.webp,D:\nba\salary_scatter_site\assets\headshots\1642400.webp,43632,3992,0.0915,120,120,skipped_existing,
1642354,D:\nba\headshot\1642354.png,D:\nba\headshot(webp)\1642354.webp,D:\nba\salary_scatter_site\assets\headshots\1642354.webp,52429,5910,0.1127,120,120,skipped_existing,
1630570,D:\nba\headshot\1630570.png,D:\nba\headshot(webp)\1630570.webp,D:\nba\salary_scatter_site\assets\headshots\1630570.webp,46596,4856,0.1042,120,120,skipped_existing,
1630544,D:\nba\headshot\1630544.png,D:\nba\headshot(webp)\1630544.webp,D:\nba\salary_scatter_site\assets\headshots\1630544.webp,49333,5344,0.1083,120,120,skipped_existing,
1641816,D:\nba\headshot\1641816.png,D:\nba\headshot(webp)\1641816.webp,D:\nba\salary_scatter_site\assets\headshots\1641816.webp,49469,5768,0.1166,120,120,skipped_existing,
1641724,D:\nba\headshot\1641724.png,D:\nba\headshot(webp)\1641724.webp,D:\nba\salary_scatter_site\assets\headshots\1641724.webp,50184,5352,0.1066,120,120,skipped_existing,
1630579,D:\nba\headshot\1630579.png,D:\nba\headshot(webp)\1630579.webp,D:\nba\salary_scatter_site\assets\headshots\1630579.webp,50888,4516,0.0887,120,120,skipped_existing,
1642848,D:\nba\headshot\1642848.png,D:\nba\headshot(webp)\1642848.webp,D:\nba\salary_scatter_site\assets\headshots\1642848.webp,52390,5156,0.0984,120,120,skipped_existing,
1642905,D:\nba\headshot\1642905.png,D:\nba\headshot(webp)\1642905.webp,D:\nba\salary_scatter_site\assets\headshots\1642905.webp,54806,5568,0.1016,120,120,skipped_existing,
1631126,D:\nba\headshot\1631126.png,D:\nba\headshot(webp)\1631126.webp,D:\nba\salary_scatter_site\assets\headshots\1631126.webp,56501,5776,0.1022,120,120,skipped_existing,
1641723,D:\nba\headshot\1641723.png,D:\nba\headshot(webp)\1641723.webp,D:\nba\salary_scatter_site\assets\headshots\1641723.webp,48532,5694,0.1173,120,120,skipped_existing,
1641733,D:\nba\headshot\1641733.png,D:\nba\headshot(webp)\1641733.webp,D:\nba\salary_scatter_site\assets\headshots\1641733.webp,49976,5008,0.1002,120,120,skipped_existing,
1642357,D:\nba\headshot\1642357.png,D:\nba\headshot(webp)\1642357.webp,D:\nba\salary_scatter_site\assets\headshots\1642357.webp,45771,4102,0.0896,120,120,skipped_existing,
1643158,D:\nba\headshot\1643158.png,D:\nba\headshot(webp)\1643158.webp,D:\nba\salary_scatter_site\assets\headshots\1643158.webp,45680,4250,0.093,120,120,skipped_existing,
1641716,D:\nba\headshot\1641716.png,D:\nba\headshot(webp)\1641716.webp,D:\nba\salary_scatter_site\assets\headshots\1641716.webp,46475,4618,0.0994,120,120,skipped_existing,
1630536,D:\nba\headshot\1630536.png,D:\nba\headshot(webp)\1630536.webp,D:\nba\salary_scatter_site\assets\headshots\1630536.webp,49470,5238,0.1059,120,120,skipped_existing,
1631174,D:\nba\headshot\1631174.png,D:\nba\headshot(webp)\1631174.webp,D:\nba\salary_scatter_site\assets\headshots\1631174.webp,48633,4374,0.0899,120,120,skipped_existing,
1642443,D:\nba\headshot\1642443.png,D:\nba\headshot(webp)\1642443.webp,D:\nba\salary_scatter_site\assets\headshots\1642443.webp,48643,4514,0.0928,120,120,skipped_existing,
1642849,D:\nba\headshot\1642849.png,D:\nba\headshot(webp)\1642849.webp,D:\nba\salary_scatter_site\assets\headshots\1642849.webp,45810,4070,0.0888,120,120,skipped_existing,
1641890,D:\nba\headshot\1641890.png,D:\nba\headshot(webp)\1641890.webp,D:\nba\salary_scatter_site\assets\headshots\1641890.webp,54425,5818,0.1069,120,120,skipped_existing,
202687,D:\nba\headshot\202687.png,D:\nba\headshot(webp)\202687.webp,D:\nba\salary_scatter_site\assets\headshots\202687.webp,45841,4182,0.0912,120,120,skipped_existing,
1641998,D:\nba\headshot\1641998.png,D:\nba\headshot(webp)\1641998.webp,D:\nba\salary_scatter_site\assets\headshots\1641998.webp,54888,6054,0.1103,120,120,skipped_existing,
1642942,D:\nba\headshot\1642942.png,D:\nba\headshot(webp)\1642942.webp,D:\nba\salary_scatter_site\assets\headshots\1642942.webp,54075,4456,0.0824,120,120,skipped_existing,
1641778,D:\nba\headshot\1641778.png,D:\nba\headshot(webp)\1641778.webp,D:\nba\salary_scatter_site\assets\headshots\1641778.webp,49461,5174,0.1046,120,120,skipped_existing,
1628971,D:\nba\headshot\1628971.png,D:\nba\headshot(webp)\1628971.webp,D:\nba\salary_scatter_site\assets\headshots\1628971.webp,49955,5972,0.1195,120,120,skipped_existing,
204060,D:\nba\headshot\204060.png,D:\nba\headshot(webp)\204060.webp,D:\nba\salary_scatter_site\assets\headshots\204060.webp,52746,4334,0.0822,120,120,skipped_existing,
201145,D:\nba\headshot\201145.png,D:\nba\headshot(webp)\201145.webp,D:\nba\salary_scatter_site\assets\headshots\201145.webp,41432,3574,0.0863,120,120,skipped_existing,
1642358,D:\nba\headshot\1642358.png,D:\nba\headshot(webp)\1642358.webp,D:\nba\salary_scatter_site\assets\headshots\1642358.webp,55603,5770,0.1038,120,120,skipped_existing,
1642268,D:\nba\headshot\1642268.png,D:\nba\headshot(webp)\1642268.webp,D:\nba\salary_scatter_site\assets\headshots\1642268.webp,45238,3664,0.081,120,120,skipped_existing,
1642964,D:\nba\headshot\1642964.png,D:\nba\headshot(webp)\1642964.webp,D:\nba\salary_scatter_site\assets\headshots\1642964.webp,48079,5088,0.1058,120,120,skipped_existing,
1642882,D:\nba\headshot\1642882.png,D:\nba\headshot(webp)\1642882.webp,D:\nba\salary_scatter_site\assets\headshots\1642882.webp,48213,5086,0.1055,120,120,skipped_existing,
1642383,D:\nba\headshot\1642383.png,D:\nba\headshot(webp)\1642383.webp,D:\nba\salary_scatter_site\assets\headshots\1642383.webp,49508,4270,0.0862,120,120,skipped_existing,
1642267,D:\nba\headshot\1642267.png,D:\nba\headshot(webp)\1642267.webp,D:\nba\salary_scatter_site\assets\headshots\1642267.webp,54099,5290,0.0978,120,120,skipped_existing,
1628398,D:\nba\headshot\1628398.png,D:\nba\headshot(webp)\1628398.webp,D:\nba\salary_scatter_site\assets\headshots\1628398.webp,46198,4802,0.1039,120,120,skipped_existing,
1642265,D:\nba\headshot\1642265.png,D:\nba\headshot(webp)\1642265.webp,D:\nba\salary_scatter_site\assets\headshots\1642265.webp,47724,4464,0.0935,120,120,skipped_existing,
1631172,D:\nba\headshot\1631172.png,D:\nba\headshot(webp)\1631172.webp,D:\nba\salary_scatter_site\assets\headshots\1631172.webp,48159,4518,0.0938,120,120,skipped_existing,
1630172,D:\nba\headshot\1630172.png,D:\nba\headshot(webp)\1630172.webp,D:\nba\salary_scatter_site\assets\headshots\1630172.webp,44529,4348,0.0976,120,120,skipped_existing,
1641712,D:\nba\headshot\1641712.png,D:\nba\headshot(webp)\1641712.webp,D:\nba\salary_scatter_site\assets\headshots\1641712.webp,50213,4428,0.0882,120,120,skipped_existing,
1642962,D:\nba\headshot\1642962.png,D:\nba\headshot(webp)\1642962.webp,D:\nba\salary_scatter_site\assets\headshots\1642962.webp,43124,3706,0.0859,120,120,skipped_existing,
1642879,D:\nba\headshot\1642879.png,D:\nba\headshot(webp)\1642879.webp,D:\nba\salary_scatter_site\assets\headshots\1642879.webp,44349,4228,0.0953,120,120,skipped_existing,
1641722,D:\nba\headshot\1641722.png,D:\nba\headshot(webp)\1641722.webp,D:\nba\salary_scatter_site\assets\headshots\1641722.webp,45907,4456,0.0971,120,120,skipped_existing,
1642262,D:\nba\headshot\1642262.png,D:\nba\headshot(webp)\1642262.webp,D:\nba\salary_scatter_site\assets\headshots\1642262.webp,41910,3704,0.0884,120,120,skipped_existing,
